node,adap_betweenness,adap_degree,betweenness,degree,random,seamless_mavg
1,0.6442883211678831,0.6505839416058393,0.7627737226277372,0.791970802919708,0.5012956204379562,0.646986313868613
2,0.654543795620438,0.7219525547445255,0.7645985401459854,0.7937956204379562,0.49038321167883214,0.7071541970802918
3,0.6547992700729927,0.7090875912408758,0.12773722627737225,0.33394160583941607,0.47211678832116794,0.6315684306569341
4,0.6661678832116789,0.7387591240875911,0.7664233576642335,0.7956204379562044,0.49372262773722625,0.7049361313868613
5,0.6092700729927008,0.5713868613138686,0.5255474452554745,0.3357664233576642,0.4801094890510949,0.5546286496350363
6,0.40271897810218976,0.28936131386861313,0.5273722627737226,0.12043795620437955,0.5220620437956204,0.37414872262773724
7,0.07481751824817517,0.06897810218978101,0.30474452554744524,0.07116788321167883,0.4989233576642336,0.09461587591240875
8,0.6498175182481752,0.6947992700729927,0.7682481751824817,0.7974452554744526,0.46414233576642333,0.6670036496350366
9,0.6524452554744525,0.7041605839416059,0.14963503649635035,0.3375912408759124,0.524124087591241,0.7153138686131386
10,0.01824817518248175,0.005474452554744526,0.0072992700729927005,0.005474452554744526,0.5113321167883211,0.014208029197080288
11,0.6703284671532846,0.5288138686131387,0.7700729927007299,0.7992700729927007,0.49622262773722625,0.5623868613138686
12,0.6393795620437956,0.7202007299270073,0.7718978102189781,0.8010948905109488,0.5416970802919708,0.7062572992700729
13,0.6704014598540146,0.527463503649635,0.7737226277372262,0.8029197080291971,0.5095985401459854,0.5640912408759124
14,0.6687226277372262,0.5444708029197081,0.5291970802919708,0.33941605839416056,0.5052007299270074,0.5407372262773722
15,0.6498722627737226,0.5774270072992701,0.7755474452554745,0.8047445255474452,0.4995620437956204,0.5563284671532845
16,0.6394160583941605,0.515036496350365,0.5310218978102189,0.34124087591240876,0.49063868613138684,0.5548877737226275
17,0.06021897810218978,0.5186861313868613,0.21715328467153283,0.12226277372262773,0.5069890510948905,0.4253211678832116
18,0.2569343065693431,0.17895985401459852,0.23905109489051093,0.12408759124087591,0.5098722627737227,0.23599635036496344
19,0.6767883211678832,0.5616058394160584,0.6678832116788321,0.3430656934306569,0.48808394160583946,0.5563129562043795
20,0.6684854014598539,0.4973175182481751,0.7773722627737226,0.3448905109489051,0.5394890510948904,0.5136541970802919
21,0.6402554744525547,0.3283941605839416,0.44343065693430656,0.34671532846715325,0.5190510948905109,0.3731906934306569
22,0.6405474452554744,0.7562408759124087,0.7791970802919708,0.8065693430656934,0.49408759124087587,0.7107582116788319
23,0.6339051094890511,0.6720437956204379,0.354014598540146,0.34854014598540145,0.5563138686131387,0.6431459854014598
24,0.6356021897810219,0.6993065693430657,0.36313868613138683,0.35036496350364965,0.5246350364963503,0.7075036496350365
25,0.6646167883211678,0.535565693430657,0.6660583941605839,0.3521897810218978,0.4983759124087591,0.5749762773722628
26,0.6487591240875912,0.7118248175182481,0.7810218978102189,0.8083941605839415,0.44027372262773723,0.6782591240875913
27,0.6350912408759123,0.7312226277372262,0.7025547445255474,0.354014598540146,0.5446897810218978,0.7015967153284671
28,0.45755474452554745,0.3805839416058394,0.6186131386861313,0.12591240875912407,0.49655109489051097,0.3994881386861314
29,0.6438868613138686,0.6806569343065694,0.6295620437956204,0.35583941605839414,0.49308394160583935,0.6165693430656934
30,0.10806569343065693,0.13808394160583942,0.4397810218978102,0.072992700729927,0.46963503649635036,0.18481843065693432
31,0.14374087591240875,0.2366970802919708,0.021897810218978103,0.07481751824817517,0.5082846715328467,0.2661268248175182
32,0.009124087591240875,0.009124087591240875,0.010948905109489052,0.009124087591240875,0.4702007299270073,0.020868613138686133
33,0.6291788321167884,0.5403467153284671,0.6624087591240876,0.12773722627737225,0.5269525547445255,0.5481788321167883
34,0.41222627737226275,0.5215693430656934,0.3175182481751825,0.35766423357664234,0.49388686131386855,0.48302828467153275
35,0.41536496350364965,0.45395985401459854,0.4032846715328467,0.3594890510948905,0.5067335766423358,0.47422080291970803
36,0.4377919708029197,0.33337591240875913,0.2755474452554744,0.3613138686131387,0.5052919708029197,0.39618339416058396
37,0.4413321167883211,0.24697080291970802,0.4051094890510949,0.12956204379562045,0.5245985401459854,0.4749361313868613
38,0.6611313868613139,0.5564051094890511,0.07481751824817517,0.36313868613138683,0.5119890510948905,0.5570228102189781
39,0.10401459854014598,0.20034671532846715,0.2773722627737226,0.13138686131386862,0.5248175182481752,0.3498795620437956
40,0.07846715328467153,0.07021897810218977,0.032846715328467155,0.049270072992700725,0.49702554744525546,0.11813686131386858
41,0.6196350364963503,0.6331934306569343,0.31934306569343063,0.36496350364963503,0.48248175182481745,0.6232928832116789
42,0.6341423357664233,0.5352007299270073,0.07116788321167883,0.3667883211678832,0.5359306569343065,0.5553658759124087
43,0.08759124087591241,0.17443430656934306,0.5054744525547445,0.1332116788321168,0.4943978102189781,0.20651459854014598
44,0.6587773722627737,0.7023175182481751,0.7828467153284672,0.8102189781021898,0.5346167883211679,0.7000784671532846
45,0.010948905109489052,0.0314051094890511,0.012773722627737226,0.025547445255474453,0.5020255474452555,0.047692518248175185
46,0.6245255474452555,0.6831569343065693,0.7846715328467153,0.3686131386861314,0.4796532846715329,0.6436313868613139
47,0.6468978102189781,0.6349452554744525,0.27919708029197077,0.3704379562043795,0.5157481751824817,0.6400848540145986
48,0.6788686131386861,0.6551277372262774,0.6332116788321168,0.3722627737226277,0.5088321167883211,0.5948175182481752
49,0.11487226277372263,0.1375912408759124,0.6916058394160584,0.13503649635036497,0.5085036496350365,0.19261222627737223
50,0.6371897810218978,0.5928832116788321,0.31204379562043794,0.3740875912408759,0.48510948905109486,0.581587591240876
51,0.6381386861313868,0.6693613138686131,0.44160583941605835,0.3759124087591241,0.4982846715328467,0.7069817518248175
52,0.6781751824817518,0.607043795620438,0.3613138686131387,0.3777372262773723,0.4916788321167883,0.6482344890510948
53,0.6565328467153284,0.6508394160583942,0.3795620437956204,0.3795620437956204,0.5181751824817518,0.650787408759124
54,0.626405109489051,0.6517518248175183,0.6423357664233577,0.3813868613138686,0.5275182481751824,0.6349434306569344
55,0.415492700729927,0.41111313868613136,0.06204379562043796,0.13686131386861314,0.5570620437956204,0.3833421532846716
56,0.46374087591240876,0.394470802919708,0.6733576642335766,0.38321167883211676,0.46118613138686126,0.39198722627737226
57,0.6499817518248175,0.6383759124087591,0.2281021897810219,0.38503649635036497,0.5000182481751825,0.6505200729927008
58,0.6328102189781021,0.7090328467153285,0.3357664233576642,0.3868613138686131,0.44390510948905104,0.705065693430657
59,0.47370437956204375,0.40346715328467153,0.5328467153284672,0.3886861313868613,0.5162956204379562,0.37957025547445256
60,0.656478102189781,0.5761496350364964,0.6642335766423357,0.39051094890510946,0.47501824817518246,0.5812189781021899
61,0.622463503649635,0.7258029197080292,0.7372262773722628,0.39233576642335766,0.4947992700729926,0.6922554744525548
62,0.13863138686131385,0.1424817518248175,0.26277372262773724,0.1386861313868613,0.5443248175182482,0.16135310218978102
63,0.15613138686131386,0.1438138686131387,0.7281021897810219,0.14051094890510948,0.4728102189781022,0.18561131386861313
64,0.17956204379562044,0.13543795620437957,0.6897810218978102,0.14233576642335766,0.47806569343065697,0.18474361313868612
65,0.6497810218978102,0.26616788321167884,0.34124087591240876,0.14416058394160583,0.5223540145985401,0.29903284671532854
66,0.1393978102189781,0.40766423357664233,0.6441605839416058,0.145985401459854,0.48514598540145987,0.3446459854014598
67,0.6374452554744525,0.2825,0.3430656934306569,0.14781021897810218,0.5086861313868613,0.29892062043795614
68,0.17419708029197079,0.5435401459854015,0.30656934306569344,0.14963503649635035,0.49291970802919705,0.4817545620437957
69,0.6317153284671533,0.7067518248175182,0.32116788321167883,0.3941605839416058,0.5218613138686131,0.6828293795620437
70,0.1747992700729927,0.5828284671532846,0.6094890510948905,0.395985401459854,0.4746715328467153,0.49745802919708026
71,0.6442883211678831,0.33587591240875914,0.708029197080292,0.3978102189781022,0.47211678832116794,0.3811651459854014
72,0.6711313868613138,0.5298722627737226,0.11313868613138686,0.39963503649635035,0.48972627737226276,0.5614041970802919
73,0.17386861313868612,0.577919708029197,0.43430656934306566,0.15145985401459852,0.5038503649635037,0.4784333941605839
74,0.62757299270073,0.3571897810218978,0.48722627737226276,0.40145985401459855,0.47184306569343065,0.421167883211679
75,0.6606751824817518,0.7487408759124088,0.7864963503649635,0.8120437956204379,0.5120620437956205,0.7093932481751825
76,0.020072992700729927,0.03177007299270073,0.07664233576642336,0.03102189781021898,0.5162226277372263,0.04670164233576642
77,0.19421532846715328,0.14047445255474453,0.3978102189781022,0.15328467153284672,0.546970802919708,0.15678193430656934
78,0.08941605839416059,0.10833941605839416,0.27007299270072993,0.07664233576642336,0.5031021897810218,0.11755565693430658
79,0.6370255474452554,0.29693430656934305,0.218978102189781,0.07846715328467153,0.48248175182481745,0.4189288321167883
80,0.6610948905109488,0.7023905109489051,0.5802919708029197,0.4032846715328467,0.5496350364963504,0.6946140510948906
81,0.19372262773722626,0.1440875912408759,0.5200729927007299,0.1551094890510949,0.5508394160583941,0.16329014598540145
82,0.12394160583941606,0.3947445255474452,0.1897810218978102,0.15693430656934307,0.5487773722627738,0.4501788321167883
83,0.0036496350364963502,0.0018248175182481751,0.0036496350364963502,0.0018248175182481751,0.5020620437956204,0.009937956204379563
84,0.04562043795620438,0.04078467153284672,0.06569343065693431,0.032846715328467155,0.4195620437956204,0.05709671532846715
85,0.6334124087591241,0.7190875912408758,0.7883211678832116,0.8138686131386861,0.5181204379562043,0.7074096715328466
86,0.6415875912408758,0.7036678832116788,0.7463503649635036,0.4051094890510949,0.49879562043795617,0.6440118613138687
87,0.6543978102189781,0.5745255474452554,0.7226277372262774,0.40693430656934304,0.47928832116788317,0.5477381386861314
88,0.06569343065693431,0.4103284671532847,0.2718978102189781,0.15875912408759124,0.5476094890510949,0.3675291970802919
89,0.6713868613138686,0.5506021897810219,0.3448905109489051,0.40875912408759124,0.4914598540145985,0.5972290145985402
90,0.09671532846715328,0.09078467153284671,0.14416058394160583,0.08029197080291971,0.5056934306569343,0.10838868613138689
91,0.6546715328467153,0.538029197080292,0.5346715328467153,0.4105839416058394,0.48397810218978105,0.5469361313868613
92,0.023722627737226276,0.010948905109489052,0.03832116788321168,0.010948905109489052,0.5183394160583942,0.02220894160583941
93,0.6560948905109489,0.7397810218978101,0.6970802919708029,0.4124087591240876,0.48408759124087586,0.6951058394160583
94,0.6401824817518248,0.540948905109489,0.18248175182481752,0.41423357664233573,0.49218978102189787,0.4679169708029196
95,0.26041970802919706,0.3432846715328467,0.16970802919708028,0.41605839416058393,0.47746350364963497,0.3936286496350364
96,0.6686131386861314,0.6114051094890511,0.593065693430657,0.4178832116788321,0.5313868613138686,0.5727764598540147
97,0.04744525547445255,0.2626642335766423,0.3704379562043795,0.16058394160583941,0.520036496350365,0.22379927007299272
98,0.6674452554744525,0.5604744525547445,0.677007299270073,0.4197080291970803,0.49906934306569345,0.5620164233576641
99,0.6461496350364963,0.5766058394160584,0.7481751824817519,0.4215328467153285,0.4839051094890511,0.5508567518248175
100,0.1239051094890511,0.06928832116788321,0.2937956204379562,0.051094890510948905,0.5356751824817518,0.08308941605839418
101,0.6633941605839416,0.5238138686131387,0.6587591240875912,0.4233576642335766,0.5086861313868613,0.5590346715328467
102,0.6506021897810218,0.697919708029197,0.16423357664233576,0.1624087591240876,0.48574817518248176,0.6122718978102191
103,0.6639963503649635,0.7105839416058394,0.22262773722627738,0.4251824817518248,0.5132481751824817,0.7135291970802919
104,0.6493430656934306,0.5361131386861314,0.7244525547445255,0.42700729927007297,0.47211678832116794,0.5498220802919709
105,0.09306569343065693,0.1381751824817518,0.23357664233576642,0.16423357664233576,0.5145802919708029,0.18568339416058394
106,0.6402554744525547,0.7228832116788321,0.7098540145985401,0.42883211678832117,0.5134671532846715,0.6929507299270073
107,0.6129744525547446,0.7137226277372263,0.22627737226277372,0.4306569343065693,0.5085036496350365,0.6355912408759123
108,0.6505839416058393,0.635948905109489,0.322992700729927,0.4324817518248175,0.399470802919708,0.5986012773722627
109,0.26027372262773724,0.25556569343065694,0.2116788321167883,0.43430656934306566,0.4756386861313868,0.3264224452554745
110,0.6665510948905109,0.5649087591240876,0.5364963503649635,0.43613138686131386,0.5180109489051095,0.5082335766423357
111,0.03102189781021898,0.04983576642335766,0.0364963503649635,0.05291970802919708,0.5291970802919708,0.06815328467153285
112,0.6328102189781021,0.7250912408759125,0.17883211678832117,0.437956204379562,0.5119160583941605,0.7139936131386861
113,0.624963503649635,0.726897810218978,0.7901459854014599,0.8156934306569342,0.45273722627737223,0.7112928832116789
114,0.6582664233576643,0.5344343065693431,0.05656934306569343,0.4397810218978102,0.47454379562043797,0.5775346715328468
115,0.7069890510948905,0.7019160583941605,0.18065693430656934,0.44160583941605835,0.4629744525547445,0.7156432481751824
116,0.6411678832116788,0.6628467153284672,0.10583941605839416,0.44343065693430656,0.5008759124087592,0.6398421532846714
117,0.0948905109489051,0.1879014598540146,0.7354014598540146,0.16605839416058393,0.4920620437956204,0.22654927007299266
118,0.6565693430656935,0.6389963503649635,0.791970802919708,0.8175182481751825,0.48682481751824813,0.6364105839416059
119,0.15576642335766422,0.17808394160583943,0.2846715328467153,0.1678832116788321,0.5387591240875912,0.1960702554744526
120,0.6692153284671533,0.7117518248175183,0.03467153284671533,0.16970802919708028,0.5260583941605839,0.6403348540145986
121,0.6533211678832116,0.6507664233576642,0.4562043795620438,0.44525547445255476,0.4983211678832116,0.6381961678832118
122,0.0072992700729927005,0.03239051094890511,0.016423357664233577,0.03467153284671533,0.4713321167883212,0.051973540145985396
123,0.6987408759124087,0.7409489051094891,0.38321167883211676,0.4470802919708029,0.5218248175182482,0.7006149635036497
124,0.03467153284671533,0.01921532846715328,0.06021897810218978,0.01824817518248175,0.5120620437956205,0.029812956204379563
125,0.6566605839416059,0.7396167883211678,0.6806569343065694,0.4489051094890511,0.5300182481751824,0.7054051094890511
126,0.6411496350364964,0.5036313868613139,0.33941605839416056,0.45072992700729925,0.4617153284671533,0.5660237226277371
127,0.6366058394160584,0.7133576642335766,0.29562043795620435,0.45255474452554745,0.5629014598540146,0.6740802919708029
128,0.041970802919708027,0.04906934306569343,0.041970802919708027,0.05474452554744525,0.487536496350365,0.07637500000000001
129,0.07116788321167883,0.24481751824817516,0.35036496350364965,0.17153284671532845,0.5347445255474452,0.2890647810218978
130,0.6622080291970802,0.6741788321167883,0.7135036496350364,0.4543795620437956,0.4921350364963503,0.622219890510949
131,0.6632481751824817,0.5645255474452555,0.5383211678832117,0.4562043795620438,0.5190693430656934,0.5436943430656933
132,0.6852007299270073,0.7325,0.5821167883211679,0.45802919708029194,0.501551094890511,0.6504169708029197
133,0.1834124087591241,0.14184306569343066,0.5218978102189781,0.17335766423357662,0.5018065693430657,0.1671213503649635
134,0.6682481751824817,0.7616423357664234,0.583941605839416,0.45985401459854014,0.5236313868613138,0.6444470802919708
135,0.6536496350364963,0.544051094890511,0.7937956204379562,0.8193430656934306,0.5001824817518249,0.5619434306569343
136,0.6350912408759123,0.5886678832116787,0.30291970802919704,0.4616788321167883,0.47392335766423355,0.598756386861314
137,0.6709306569343065,0.7086496350364963,0.029197080291970802,0.4635036496350365,0.5094160583941606,0.6886158759124087
138,0.45047445255474455,0.3927554744525547,0.5401459854014599,0.46532846715328463,0.4835948905109489,0.36885948905109484
139,0.6479197080291971,0.6529744525547445,0.7956204379562044,0.8211678832116788,0.49799270072992696,0.6479343065693431
140,0.2599087591240876,0.2562591240875913,0.541970802919708,0.46715328467153283,0.49534671532846714,0.2972262773722628
141,0.6517153284671532,0.7168978102189781,0.7974452554744526,0.822992700729927,0.492992700729927,0.6795830291970802
142,0.6594525547445255,0.6562043795620438,0.29744525547445255,0.46897810218978103,0.5169890510948905,0.6739078467153286
143,0.0685036496350365,0.11153284671532845,0.23175182481751824,0.08211678832116788,0.5160401459854015,0.25604379562043794
144,0.26355839416058396,0.23503649635036497,0.39963503649635035,0.17518248175182483,0.5006386861313868,0.2118950729927008
145,0.6738868613138687,0.24406934306569342,0.21350364963503649,0.08394160583941605,0.4784124087591241,0.3956332116788321
146,0.6436861313868613,0.662956204379562,0.7992700729927007,0.4708029197080292,0.47790145985401455,0.6158147810218978
147,0.6416058394160584,0.5575729927007299,0.6204379562043796,0.177007299270073,0.517080291970803,0.5218813868613139
148,0.6499999999999999,0.5599635036496351,0.8010948905109488,0.8248175182481752,0.5211313868613138,0.5705109489051094
149,0.6538503649635037,0.5392700729927007,0.5437956204379562,0.4726277372262774,0.46899635036496345,0.5205821167883211
150,0.653868613138686,0.7253832116788321,0.8029197080291971,0.8266423357664233,0.5173905109489051,0.6862855839416058
151,0.6406934306569343,0.697992700729927,0.8047445255474452,0.8284671532846715,0.5398905109489052,0.7064324817518248
152,0.6695985401459854,0.6380291970802919,0.625912408759124,0.4744525547445255,0.4635583941605839,0.6512125912408758
153,0.07664233576642336,0.06945255474452555,0.10766423357664233,0.08576642335766423,0.45832116788321164,0.10872080291970802
154,0.6140328467153284,0.7015693430656934,0.40693430656934304,0.4762773722627737,0.4886131386861314,0.6674653284671532
155,0.6716240875912409,0.3566788321167883,0.11131386861313869,0.17883211678832117,0.5133576642335766,0.32469343065693435
156,0.6602737226277372,0.7185583941605839,0.8065693430656934,0.8302919708029197,0.4806934306569343,0.7076870437956204
157,0.2208941605839416,0.19308394160583942,0.5456204379562044,0.18065693430656934,0.5408394160583941,0.32324543795620436
158,0.6690693430656933,0.6981751824817518,0.8083941605839415,0.8321167883211679,0.5147445255474452,0.6808412408759124
159,0.6097445255474452,0.5121715328467153,0.14233576642335766,0.47810218978102187,0.5024452554744525,0.4816733576642337
160,0.6573905109489051,0.537956204379562,0.8102189781021898,0.47992700729927007,0.525492700729927,0.5693065693430657
161,0.6457116788321168,0.37872262773722626,0.7335766423357664,0.4817518248175182,0.49120437956204377,0.37557937956204385
162,0.2612773722627737,0.3730839416058394,0.145985401459854,0.4835766423357664,0.5572262773722628,0.37209580291970795
163,0.6367335766423358,0.7257664233576643,0.8120437956204379,0.833941605839416,0.4324817518248175,0.7065383211678832
164,0.6593065693430656,0.6413503649635036,0.28832116788321166,0.48540145985401456,0.4968613138686131,0.6569361313868612
165,0.6651094890510949,0.7153467153284672,0.4835766423357664,0.48722627737226276,0.5263503649635036,0.6987481751824818
166,0.08029197080291971,0.06923357664233576,0.45802919708029194,0.08759124087591241,0.4981751824817518,0.0912837591240876
167,0.22083941605839413,0.13806569343065692,0.1332116788321168,0.18248175182481752,0.5267518248175183,0.33278832116788315
168,0.6501094890510949,0.5407116788321168,0.13503649635036497,0.1843065693430657,0.44461678832116786,0.5581970802919708
169,0.6467700729927007,0.7074270072992701,0.8138686131386861,0.8357664233576642,0.5237956204379562,0.717316605839416
170,0.25813868613138685,0.25093065693430655,0.7591240875912408,0.4890510948905109,0.48412408759124087,0.29221350364963505
171,0.6383576642335766,0.6997627737226277,0.7208029197080291,0.4908759124087591,0.546970802919708,0.6750583941605839
172,0.17385036496350365,0.5656934306569343,0.6861313868613138,0.4927007299270073,0.5013503649635036,0.5104552919708029
173,0.626551094890511,0.7437043795620438,0.42883211678832117,0.49452554744525545,0.49930656934306566,0.7084753649635037
174,0.0364963503649635,0.041295620437956204,0.023722627737226276,0.0364963503649635,0.4605474452554744,0.05489689781021898
175,0.6541970802919708,0.7213868613138685,0.09306569343065693,0.49635036496350365,0.5134671532846715,0.6917308394160585
176,0.6692700729927007,0.7078649635036497,0.08759124087591241,0.18613138686131386,0.4873722627737226,0.7082354014598539
177,0.1983759124087591,0.20153284671532845,0.03102189781021898,0.18795620437956204,0.4582116788321168,0.21361952554744526
178,0.19565693430656933,0.19012773722627735,0.025547445255474453,0.1897810218978102,0.5066058394160584,0.23562773722627733
179,0.6677554744525548,0.7031569343065693,0.1551094890510949,0.4981751824817518,0.5013686131386861,0.7127682481751825
180,0.6774452554744526,0.675036496350365,0.3777372262773723,0.19160583941605838,0.5424270072992701,0.6612089416058393
181,0.649014598540146,0.719051094890511,0.6551094890510949,0.5,0.4885948905109489,0.6800273722627737
182,0.12405109489051096,0.30481751824817516,0.35766423357664234,0.19343065693430656,0.4614598540145985,0.28522992700729927
183,0.6604197080291971,0.5928649635036496,0.45985401459854014,0.5018248175182481,0.535948905109489,0.5876861313868614
184,0.647956204379562,0.5577007299270073,0.7427007299270073,0.19525547445255473,0.4877189781021897,0.52525
185,0.1308029197080292,0.13682481751824818,0.2572992700729927,0.08941605839416059,0.49742700729927003,0.17033302919708027
186,0.6293978102189781,0.6189051094890511,0.3759124087591241,0.5036496350364963,0.48122262773722624,0.6732837591240874
187,0.6119708029197081,0.7263686131386862,0.4890510948905109,0.5054744525547445,0.46361313868613135,0.697625
188,0.6518613138686131,0.5431386861313868,0.12043795620437955,0.5072992700729927,0.5087956204379561,0.5453795620437957
189,0.6173357664233576,0.7068248175182481,0.25182481751824815,0.5091240875912408,0.5458394160583941,0.6249324817518247
190,0.6812591240875912,0.6886131386861314,0.8156934306569342,0.510948905109489,0.4672080291970802,0.583043795620438
191,0.1948905109489051,0.09828467153284672,0.20985401459854014,0.09124087591240876,0.4972627737226277,0.11620255474452557
192,0.6381204379562043,0.7096167883211678,0.8175182481751825,0.8375912408759124,0.49416058394160584,0.7075547445255473
193,0.6246897810218978,0.5145985401459854,0.8193430656934306,0.8394160583941606,0.5177372262773723,0.5797445255474452
194,0.6480291970802919,0.5303284671532846,0.8211678832116788,0.8412408759124087,0.49593065693430655,0.6765346715328466
195,0.6582116788321167,0.7109306569343065,0.656934306569343,0.5127737226277372,0.47354014598540145,0.6735465328467152
196,0.6637956204379561,0.5487591240875913,0.12226277372262773,0.5145985401459854,0.5094890510948905,0.5482554744525546
197,0.6301277372262774,0.6349087591240876,0.01824817518248175,0.09306569343065693,0.537919708029197,0.5393120437956205
198,0.17275547445255474,0.3056021897810219,0.5985401459854014,0.5164233576642335,0.4911313868613138,0.388559306569343
199,0.2414963503649635,0.18361313868613138,0.6715328467153284,0.1970802919708029,0.5020802919708028,0.22346532846715322
200,0.6567335766423357,0.6495985401459854,0.6843065693430657,0.5182481751824818,0.4528832116788321,0.6430437956204379
201,0.43755474452554743,0.25412408759124083,0.34854014598540145,0.1989051094890511,0.4373905109489051,0.2507363138686131
202,0.6454744525547446,0.6897080291970802,0.4908759124087591,0.5200729927007299,0.44454379562043794,0.6634178832116788
203,0.26253649635036497,0.3108941605839416,0.635036496350365,0.5218978102189781,0.4750912408759124,0.3379343065693431
204,0.13872262773722627,0.14089416058394158,0.040145985401459854,0.20072992700729927,0.47459854014598535,0.17239781021897807
205,0.45534671532846716,0.47423357664233573,0.5474452554744526,0.5237226277372262,0.48919708029197073,0.48023083941605843
206,0.4679744525547445,0.39970802919708026,0.40875912408759124,0.5255474452554745,0.47770072992700724,0.3888485401459854
207,0.6481934306569342,0.633448905109489,0.3248175182481752,0.5273722627737226,0.48344890510948907,0.6326514598540146
208,0.6425364963503649,0.7259854014598539,0.822992700729927,0.843065693430657,0.48580291970802925,0.7100894160583943
209,0.6330839416058394,0.5559124087591241,0.8248175182481752,0.8448905109489051,0.5250547445255475,0.5602016423357663
210,0.6201277372262773,0.7323905109489052,0.7116788321167883,0.5291970802919708,0.46943430656934304,0.6879306569343066
211,0.26204379562043795,0.2937591240875912,0.5948905109489051,0.20255474452554745,0.47987226277372264,0.3606587591240876
212,0.6511131386861314,0.7340875912408759,0.5857664233576643,0.5310218978102189,0.46257299270072993,0.6974872262773723
213,0.6304562043795621,0.7502189781021897,0.8266423357664233,0.8467153284671532,0.5081386861313868,0.7029288321167882
214,0.6195437956204379,0.7387956204379562,0.3521897810218978,0.20437956204379562,0.43762773722627735,0.6778923357664234
215,0.3906021897810219,0.36877737226277374,0.46897810218978103,0.5328467153284672,0.5008211678832116,0.3693576642335766
216,0.6348175182481751,0.69992700729927,0.4105839416058394,0.5346715328467153,0.5150182481751825,0.5630748175182482
217,0.09,0.3889233576642336,0.43613138686131386,0.2062043795620438,0.5263868613138686,0.40142153284671533
218,0.6503832116788322,0.5277007299270073,0.5,0.5364963503649635,0.4768248175182482,0.577235401459854
219,0.6733211678832117,0.7278832116788321,0.8284671532846715,0.8485401459854014,0.5063321167883212,0.6957399635036496
220,0.605,0.7070620437956204,0.6386861313868613,0.5383211678832117,0.5105839416058394,0.675786496350365
221,0.6487408759124087,0.5843795620437956,0.75,0.5401459854014599,0.46795620437956204,0.5136514598540145
222,0.6656386861313868,0.3353102189781022,0.3941605839416058,0.20802919708029197,0.5066970802919708,0.32346624087591247
223,0.6703832116788321,0.7269525547445256,0.8302919708029197,0.8503649635036497,0.49680656934306566,0.6982600364963504
224,0.47693430656934305,0.47775547445255473,0.5912408759124087,0.541970802919708,0.5401642335766423,0.47855839416058377
225,0.2600729927007299,0.17076642335766423,0.4817518248175182,0.20985401459854014,0.5218430656934306,0.20064142335766424
226,0.6356751824817518,0.7492883211678832,0.698905109489051,0.5437956204379562,0.4934489051094891,0.6998786496350367
227,0.6469525547445255,0.5377737226277371,0.7007299270072993,0.5456204379562044,0.5516970802919707,0.558096715328467
228,0.03832116788321168,0.12487226277372264,0.2554744525547445,0.0948905109489051,0.48158759124087597,0.14118613138686134
229,0.6223540145985401,0.35005474452554747,0.22992700729927007,0.2116788321167883,0.46976277372262776,0.4251833941605838
230,0.6457299270072993,0.5700729927007299,0.6240875912408759,0.5474452554744526,0.5442700729927007,0.5183220802919709
231,0.677463503649635,0.5717883211678831,0.7317518248175182,0.5492700729927007,0.5314963503649635,0.6363302919708029
232,0.6702189781021897,0.54235401459854,0.7518248175182481,0.5510948905109488,0.5049087591240876,0.5091824817518249
233,0.1945985401459854,0.13934306569343066,0.2408759124087591,0.09671532846715328,0.47231751824817514,0.16310948905109487
234,0.6888321167883211,0.6613686131386861,0.2864963503649635,0.5529197080291971,0.47565693430656936,0.6580374087591241
235,0.6655291970802919,0.7074452554744526,0.4124087591240876,0.5547445255474452,0.46496350364963507,0.6761332116788321
236,0.6063503649635036,0.5456021897810219,0.6222627737226277,0.5565693430656934,0.43613138686131386,0.5729151459854014
237,0.667956204379562,0.5498175182481752,0.7536496350364963,0.5583941605839415,0.5004744525547445,0.5214370437956204
238,0.14828467153284672,0.40875912408759124,0.5894160583941606,0.21350364963503649,0.4660036496350365,0.5265821167883211
239,0.26410583941605836,0.25009124087591245,0.49452554744525545,0.21532846715328466,0.49866788321167876,0.3465337591240876
240,0.6463868613138687,0.38972627737226273,0.38503649635036497,0.21715328467153283,0.4537226277372262,0.461257299270073
241,0.6735583941605839,0.6377919708029197,0.14781021897810218,0.5602189781021898,0.5032481751824817,0.6445018248175182
242,0.6301094890510949,0.3730839416058394,0.3740875912408759,0.5620437956204379,0.5196167883211679,0.4205647810218977
243,0.6240693430656934,0.6472262773722628,0.34671532846715325,0.5638686131386861,0.5234306569343065,0.5981843065693431
244,0.6350912408759123,0.5465328467153284,0.8321167883211679,0.5656934306569343,0.45735401459854014,0.5609160583941606
245,0.6415328467153284,0.5532481751824817,0.11496350364963503,0.5675182481751825,0.47045620437956204,0.5509927007299269
246,0.16333941605839417,0.3178102189781022,0.23722627737226276,0.218978102189781,0.5620437956204379,0.32104562043795626
247,0.1953102189781022,0.14541970802919707,0.5036496350364963,0.22080291970802918,0.505,0.16510492700729923
248,0.6591058394160584,0.724470802919708,0.5145985401459854,0.5693430656934306,0.5429379562043795,0.705771897810219
249,0.15624087591240876,0.13726277372262774,0.4981751824817518,0.22262773722627738,0.49082116788321173,0.1625985401459854
250,0.1734124087591241,0.5736861313868613,0.41423357664233573,0.5711678832116788,0.5108941605839417,0.5076979927007299
251,0.6168430656934306,0.6981386861313869,0.833941605839416,0.572992700729927,0.47479927007299266,0.6605401459854015
252,0.6381386861313868,0.7184854014598541,0.6934306569343065,0.5748175182481752,0.522992700729927,0.6727071167883211
253,0.6569890510948905,0.4665693430656934,0.3375912408759124,0.5766423357664233,0.5092700729927007,0.46725364963503646
254,0.6501094890510949,0.6054744525547445,0.6478102189781022,0.5784671532846715,0.4835948905109489,0.5794607664233576
255,0.26264598540145984,0.3264233576642336,0.45072992700729925,0.5802919708029197,0.49744525547445256,0.3428850364963503
256,0.6816970802919707,0.5326094890510948,0.6788321167883211,0.5821167883211679,0.5176459854014599,0.5638229927007298
257,0.6241240875912408,0.37968978102189777,0.5492700729927007,0.583941605839416,0.5394890510948904,0.3612728102189781
258,0.17354014598540143,0.5785401459854015,0.11678832116788321,0.5857664233576643,0.516441605839416,0.5315602189781022
259,0.6913686131386861,0.3588686131386861,0.1094890510948905,0.5875912408759124,0.4895437956204379,0.36560766423357666
260,0.6473722627737226,0.5451094890510949,0.6368613138686131,0.5894160583941606,0.5081751824817519,0.5516596715328466
261,0.6611678832116789,0.5373722627737226,0.5967153284671532,0.5912408759124087,0.4796715328467153,0.5514051094890512
262,0.13864963503649635,0.13717153284671532,0.42700729927007297,0.22445255474452555,0.4715328467153284,0.1634279197080292
263,0.6377189781021898,0.6366423357664234,0.12591240875912407,0.593065693430657,0.5424270072992701,0.6320766423357664
264,0.06386861313868612,0.03204379562043795,0.10218978102189781,0.03832116788321168,0.48003649635036494,0.04820255474452555
265,0.6263868613138686,0.72742700729927,0.0948905109489051,0.5948905109489051,0.5116605839416059,0.6928348540145985
266,0.6083941605839416,0.713978102189781,0.12956204379562045,0.5967153284671532,0.5280109489051095,0.7117308394160583
267,0.6747992700729927,0.5683759124087592,0.1678832116788321,0.5985401459854014,0.4950182481751824,0.5895656934306569
268,0.6131386861313869,0.4431934306569343,0.1624087591240876,0.6003649635036497,0.46392335766423354,0.4910319343065693
269,0.6766605839416058,0.7082299270072993,0.8357664233576642,0.8521897810218978,0.4927554744525547,0.7114844890510948
270,0.6465875912408758,0.7198175182481751,0.8375912408759124,0.8540145985401459,0.47678832116788317,0.7075264598540144
271,0.6510401459854014,0.7121715328467153,0.8394160583941606,0.8558394160583941,0.5276824817518249,0.704235401459854
272,0.6172445255474452,0.7322262773722628,0.8412408759124087,0.8576642335766423,0.5337591240875912,0.7172919708029196
273,0.05656934306569343,0.14135036496350364,0.2591240875912409,0.22627737226277372,0.46220802919708026,0.20108667883211678
274,0.6331751824817519,0.7191605839416059,0.24635036496350365,0.6021897810218978,0.527883211678832,0.7186852189781021
275,0.6308029197080292,0.5790693430656934,0.22080291970802918,0.2281021897810219,0.488485401459854,0.5342554744525547
276,0.6320620437956205,0.32297445255474455,0.2992700729927007,0.22992700729927007,0.5027554744525548,0.3269498175182482
277,0.11852189781021898,0.32512773722627736,0.09854014598540145,0.05656934306569343,0.5164233576642335,0.2372901459854014
278,0.6687408759124088,0.6482116788321168,0.843065693430657,0.8594890510948905,0.42651459854014595,0.6419799270072993
279,0.6508029197080292,0.736441605839416,0.8448905109489051,0.8613138686131386,0.4875547445255474,0.7040118613138686
280,0.6346532846715328,0.7071715328467153,0.6131386861313869,0.6040145985401459,0.5156204379562044,0.672375912408759
281,0.2634671532846715,0.2568248175182482,0.6879562043795621,0.6058394160583941,0.49616788321167876,0.3113083941605839
282,0.6147627737226277,0.7121167883211679,0.645985401459854,0.6076642335766423,0.5088321167883211,0.6416213503649636
283,0.072992700729927,0.040930656934306565,0.291970802919708,0.041970802919708027,0.5582116788321168,0.06010948905109489
284,0.6667700729927006,0.5519160583941606,0.5510948905109488,0.6094890510948905,0.5621350364963503,0.5544315693430656
285,0.6446167883211679,0.34374087591240876,0.3266423357664233,0.6113138686131386,0.49927007299270076,0.3685647810218978
286,0.021897810218978103,0.019233576642335763,0.15145985401459852,0.020072992700729927,0.5158941605839416,0.030607664233576637
287,0.6976277372262774,0.7001094890510949,0.8467153284671532,0.8631386861313868,0.4751277372262774,0.7029014598540145
288,0.42762773722627734,0.3737226277372263,0.41605839416058393,0.6131386861313869,0.5315145985401459,0.4234260948905109
289,0.6478649635036495,0.623594890510949,0.8485401459854014,0.864963503649635,0.5485036496350364,0.6438950729927008
290,0.7030656934306568,0.7062043795620437,0.8503649635036497,0.8667883211678832,0.4931751824817518,0.7186715328467155
291,0.6119525547445256,0.6022810218978102,0.8521897810218978,0.8686131386861313,0.5487773722627738,0.5873494525547445
292,0.051094890510948905,0.024616788321167885,0.19343065693430656,0.027372262773722626,0.5223905109489051,0.03819160583941607
293,0.6418065693430657,0.6913503649635037,0.6058394160583941,0.614963503649635,0.4917518248175183,0.7111614963503649
294,0.6343613138686132,0.7034854014598539,0.6076642335766423,0.6167883211678832,0.5433029197080292,0.7086815693430657
295,0.6506569343065693,0.7191423357664233,0.5164233576642335,0.6186131386861313,0.5227189781021897,0.7097773722627737
296,0.6419160583941605,0.725492700729927,0.8540145985401459,0.8704379562043796,0.47419708029197083,0.7069571167883211
297,0.6233941605839416,0.34405109489051094,0.47992700729927007,0.6204379562043796,0.47693430656934305,0.3712864963503649
298,0.6733029197080292,0.6755291970802919,0.3722627737226277,0.6222627737226277,0.49538321167883215,0.6470483576642335
299,0.4906751824817518,0.3758211678832116,0.4306569343065693,0.23175182481751824,0.5366605839416058,0.3811158759124087
300,0.48636861313868607,0.4909306569343065,0.4251824817518248,0.23357664233576642,0.49036496350364966,0.46176186131386865
301,0.4567153284671533,0.5341058394160584,0.760948905109489,0.6240875912408759,0.5090693430656935,0.5445200729927007
302,0.43744525547445257,0.36563868613138684,0.4324817518248175,0.2354014598540146,0.5091605839416058,0.3806934306569343
303,0.6200182481751825,0.7262773722627737,0.08211678832116788,0.625912408759124,0.5010583941605838,0.6808375912408761
304,0.6560401459854014,0.6774087591240876,0.8558394160583941,0.8722627737226277,0.46242700729927005,0.6610894160583942
305,0.1483941605839416,0.06895985401459853,0.08394160583941605,0.09854014598540145,0.46147810218978097,0.10625364963503652
306,0.6685583941605839,0.7209671532846714,0.1989051094890511,0.6277372262773723,0.4682299270072992,0.7067317518248175
307,0.05291970802919708,0.10346715328467153,0.09671532846715328,0.10036496350364964,0.4545802919708029,0.1319169708029197
308,0.6699087591240876,0.7115875912408759,0.20072992700729927,0.6295620437956204,0.49866788321167876,0.7084124087591241
309,0.6493430656934306,0.6997992700729927,0.8576642335766423,0.8740875912408759,0.5194160583941605,0.715823905109489
310,0.6666605839416058,0.7116605839416058,0.2062043795620438,0.6313868613138686,0.5076459854014599,0.6503576642335767
311,0.1953102189781022,0.14483576642335766,0.33394160583941607,0.10218978102189781,0.5352189781021898,0.15250091240875907
312,0.6971167883211679,0.7346532846715328,0.8594890510948905,0.875912408759124,0.4752919708029196,0.7082983576642337
313,0.6667153284671533,0.7321167883211679,0.8613138686131386,0.8777372262773723,0.5128467153284672,0.708462591240876
314,0.26080291970802916,0.25983576642335765,0.07846715328467153,0.23722627737226276,0.5268248175182482,0.28258941605839416
315,0.6477554744525548,0.7253284671532847,0.8631386861313868,0.8795620437956204,0.5019160583941605,0.7117554744525546
316,0.6361496350364964,0.7430291970802919,0.864963503649635,0.8813868613138686,0.4736678832116788,0.7064689781021898
317,0.663941605839416,0.7259671532846714,0.5875912408759124,0.6332116788321168,0.4982299270072992,0.7034279197080291
318,0.10036496350364964,0.0698905109489051,0.3156934306569343,0.10401459854014598,0.5166788321167883,0.09382299270072994
319,0.6202007299270073,0.5263868613138686,0.6514598540145985,0.23905109489051093,0.49372262773722625,0.5009726277372262
320,0.6331204379562043,0.24956204379562041,0.6532846715328466,0.2408759124087591,0.47392335766423355,0.485081204379562
321,0.6611313868613139,0.46416058394160586,0.33211678832116787,0.24270072992700728,0.5217518248175183,0.46474452554744516
322,0.6656386861313868,0.725,0.24817518248175183,0.635036496350365,0.5341058394160584,0.714866788321168
323,0.6437591240875912,0.7495802919708029,0.8667883211678832,0.8832116788321167,0.4366788321167883,0.6987728102189781
324,0.45479927007299265,0.40715328467153283,0.4178832116788321,0.6368613138686131,0.4419890510948905,0.40116970802919705
325,0.6408029197080293,0.7079379562043795,0.13686131386861314,0.24452554744525545,0.513521897810219,0.6018613138686131
326,0.6750912408759123,0.7321350364963503,0.1386861313868613,0.24635036496350365,0.5453649635036496,0.6055291970802921
327,0.6543430656934306,0.7283394160583941,0.8686131386861313,0.885036496350365,0.45271897810218975,0.7050520072992701
328,0.671514598540146,0.7217700729927007,0.8704379562043796,0.8868613138686131,0.5032664233576642,0.7050145985401459
329,0.6452919708029197,0.5583576642335767,0.7062043795620437,0.6386861313868613,0.5208029197080292,0.5764662408759125
330,0.6300912408759124,0.5022627737226277,0.2354014598540146,0.6405109489051095,0.4742883211678832,0.5465903284671534
331,0.025547445255474453,0.0072992700729927005,0.014598540145985401,0.0072992700729927005,0.5528649635036497,0.016854014598540145
332,0.10941605839416058,0.13779197080291972,0.25,0.24817518248175183,0.4938321167883212,0.16872627737226273
333,0.6660948905109488,0.7366788321167883,0.8722627737226277,0.8886861313868613,0.5008211678832116,0.7096432481751824
334,0.6451642335766423,0.718412408759124,0.48540145985401456,0.6423357664233577,0.539397810218978,0.699168795620438
335,0.6506204379562044,0.35686131386861314,0.44525547445255476,0.25,0.49974452554744525,0.3726350364963503
336,0.17321167883211677,0.5023905109489051,0.49635036496350365,0.6441605839416058,0.47708029197080287,0.4914571167883211
337,0.6216605839416058,0.7151277372262773,0.8740875912408759,0.8905109489051095,0.5140328467153285,0.7040072992700729
338,0.016423357664233577,0.024653284671532844,0.05291970802919708,0.029197080291970802,0.5073905109489051,0.040647810218978106
339,0.6607664233576642,0.7092700729927007,0.3102189781021898,0.645985401459854,0.5048905109489051,0.6974397810218977
340,0.10952554744525547,0.07058394160583942,0.17153284671532845,0.058394160583941604,0.5088868613138686,0.16902007299270078
341,0.058394160583941604,0.049215328467153284,0.29014598540145986,0.06021897810218978,0.5064598540145986,0.07502737226277371
342,0.6319525547445255,0.7130109489051095,0.875912408759124,0.8923357664233577,0.5079379562043795,0.7041195255474453
343,0.6491240875912409,0.7011496350364964,0.510948905109489,0.6478102189781022,0.5216605839416059,0.6368959854014598
344,0.6380474452554744,0.7279014598540146,0.8777372262773723,0.8941605839416058,0.5096167883211679,0.7108895985401459
345,0.6515145985401459,0.7108759124087591,0.15693430656934307,0.6496350364963503,0.45454379562043795,0.703139598540146
346,0.005474452554744526,0.06892335766423358,0.049270072992700725,0.10583941605839416,0.465529197080292,0.13436587591240876
347,0.17616788321167884,0.14441605839416058,0.24270072992700728,0.10766423357664233,0.5058576642335766,0.165603102189781
348,0.6492335766423357,0.6944890510948905,0.6405109489051095,0.6514598540145985,0.5187773722627738,0.6822089416058394
349,0.6620985401459853,0.7083576642335766,0.8795620437956204,0.895985401459854,0.48062043795620435,0.7118667883211679
350,0.6496897810218978,0.645456204379562,0.5018248175182481,0.6532846715328466,0.54235401459854,0.6373330291970802
351,0.06835766423357664,0.06483576642335766,0.22445255474452555,0.06204379562043796,0.46941605839416056,0.11046989051094888
352,0.6867335766423357,0.7199087591240876,0.8813868613138686,0.8978102189781022,0.5453832116788321,0.7156405109489051
353,0.049270072992700725,0.01374087591240876,0.08576642335766423,0.012773722627737226,0.5337226277372263,0.02555200729927007
354,0.6258941605839416,0.7491970802919707,0.8832116788321167,0.8996350364963503,0.4852372262773723,0.7047518248175183
355,0.6689963503649635,0.36089416058394164,0.09124087591240876,0.1094890510948905,0.47023722627737224,0.31657299270073
356,0.2627372262773722,0.2883941605839416,0.5529197080291971,0.6551094890510949,0.5591605839416058,0.3686642335766424
357,0.6793795620437956,0.6985036496350364,0.885036496350365,0.9014598540145985,0.4897627737226277,0.6560939781021896
358,0.10618613138686131,0.23678832116788318,0.4616788321167883,0.25182481751824815,0.5017518248175182,0.28807572992700725
359,0.6664233576642336,0.6853102189781022,0.8868613138686131,0.9032846715328466,0.5273175182481752,0.6676341240875912
360,0.6394890510948905,0.32697080291970804,0.437956204379562,0.25364963503649635,0.48708029197080294,0.3951122262773723
361,0.6296167883211679,0.6177919708029197,0.06751824817518248,0.11131386861313869,0.5073905109489051,0.4932591240875913
362,0.26054744525547446,0.1839051094890511,0.5127737226277372,0.2554744525547445,0.526441605839416,0.20956660583941603
363,0.6608394160583941,0.7290510948905109,0.7390510948905109,0.656934306569343,0.48810218978102193,0.7006943430656933
364,0.6774452554744526,0.7199087591240876,0.10401459854014598,0.2572992700729927,0.5327554744525547,0.6955702554744525
365,0.6328284671532847,0.6597627737226277,0.5072992700729927,0.6587591240875912,0.4703102189781022,0.6405793795620438
366,0.6376824817518247,0.7254744525547445,0.6605839416058394,0.6605839416058394,0.5029744525547445,0.6491560218978102
367,0.2587956204379562,0.2563868613138686,0.4470802919708029,0.2591240875912409,0.46697080291970805,0.32939324817518256
368,0.15614963503649634,0.11509124087591241,0.21532846715328466,0.06386861313868612,0.5041788321167884,0.10515693430656936
369,0.6376824817518247,0.5269890510948906,0.5547445255474452,0.6624087591240876,0.46290145985401454,0.5418576642335765
370,0.6483576642335767,0.5711131386861314,0.5565693430656934,0.6642335766423357,0.5775547445255474,0.5333430656934306
371,0.6461131386861314,0.686405109489051,0.18795620437956204,0.11313868613138686,0.5005109489051094,0.5923658759124087
372,0.6250547445255473,0.5291605839416058,0.8886861313868613,0.9051094890510949,0.48018248175182476,0.5711578467153284
373,0.6421715328467154,0.5465693430656934,0.6113138686131386,0.26094890510948904,0.44843065693430656,0.5620474452554746
374,0.032846715328467155,0.019087591240875914,0.08029197080291971,0.014598540145985401,0.47667883211678835,0.02979197080291971
375,0.6862773722627736,0.6301277372262774,0.19525547445255473,0.26277372262773724,0.5390693430656934,0.5903640510948904
376,0.6718430656934307,0.5548175182481752,0.8905109489051095,0.6660583941605839,0.5421350364963503,0.5671286496350365
377,0.6345620437956204,0.5493065693430657,0.5583941605839415,0.6678832116788321,0.5178649635036496,0.5465538321167883
378,0.6266788321167883,0.5696715328467153,0.5602189781021898,0.6697080291970803,0.49718978102189776,0.5418065693430656
379,0.6560948905109489,0.7095255474452554,0.8923357664233577,0.6715328467153284,0.5281021897810219,0.7114023722627737
380,0.6376824817518247,0.7254014598540145,0.8941605839416058,0.906934306569343,0.4928102189781022,0.7055656934306569
381,0.25948905109489045,0.14463503649635037,0.40145985401459855,0.2645985401459854,0.4597992700729927,0.17458120437956207
382,0.6627007299270073,0.685419708029197,0.4708029197080292,0.6733576642335766,0.507956204379562,0.6608467153284672
383,0.17368613138686131,0.5628284671532847,0.45255474452554745,0.6751824817518248,0.5087226277372262,0.4971943430656934
384,0.639087591240876,0.712992700729927,0.895985401459854,0.9087591240875912,0.5400729927007298,0.7029717153284671
385,0.11501824817518248,0.7231204379562043,0.3284671532846715,0.2664233576642336,0.5257299270072993,0.550698905109489
386,0.2970255474452555,0.10166058394160583,0.027372262773722626,0.043795620437956206,0.553375912408759,0.33425456204379567
387,0.2970620437956204,0.10618613138686131,0.7445255474452555,0.11496350364963503,0.48058394160583945,0.34232299270072997
388,0.6329379562043795,0.7231934306569343,0.7043795620437956,0.26824817518248173,0.49742700729927003,0.650022810218978
389,0.44416058394160585,0.39948905109489047,0.20255474452554745,0.27007299270072993,0.4931569343065693,0.37476824817518245
390,0.4356569343065693,0.4121897810218978,0.20802919708029197,0.677007299270073,0.49082116788321173,0.4223366788321169
391,0.6408941605839416,0.6408394160583941,0.8978102189781022,0.9105839416058393,0.5172810218978102,0.6434388686131387
392,0.6334671532846715,0.6790693430656934,0.8996350364963503,0.9124087591240876,0.45580291970802916,0.703743613138686
393,0.6451094890510949,0.7353649635036497,0.9014598540145985,0.9142335766423357,0.492007299270073,0.706632299270073
394,0.6624635036496349,0.32932481751824816,0.46715328467153283,0.6788321167883211,0.4844890510948905,0.38149726277372265
395,0.6058576642335766,0.7337773722627737,0.9032846715328466,0.9160583941605839,0.45450729927007294,0.7040392335766423
396,0.2562591240875913,0.25691605839416054,0.39051094890510946,0.2718978102189781,0.4686496350364963,0.27052189781021896
397,0.6733394160583942,0.7152007299270073,0.614963503649635,0.6806569343065694,0.4892335766423358,0.6917445255474453
398,0.6614598540145985,0.7074087591240876,0.9051094890510949,0.9178832116788321,0.5100729927007299,0.6921843065693432
399,0.027372262773722626,0.05452554744525547,0.058394160583941604,0.04562043795620438,0.5363868613138686,0.09218613138686131
400,0.6806934306569342,0.734434306569343,0.11861313868613138,0.6824817518248175,0.4752554744525547,0.7091642335766424
401,0.6425,0.7277372262773723,0.906934306569343,0.9197080291970803,0.4706386861313869,0.7125903284671533
402,0.6805656934306569,0.5506569343065693,0.9087591240875912,0.9215328467153284,0.521058394160584,0.5589680656934306
403,0.12863138686131387,0.13835766423357662,0.051094890510948905,0.2737226277372263,0.553029197080292,0.2493257299270073
404,0.6477372262773722,0.6842518248175182,0.9105839416058393,0.6843065693430657,0.529543795620438,0.6511177007299269
405,0.2620985401459854,0.2589233576642335,0.2737226277372263,0.2755474452554744,0.5268065693430657,0.3178138686131386
406,0.6663503649635036,0.7111678832116789,0.9124087591240876,0.6861313868613138,0.4580474452554744,0.7115766423357665
407,0.012773722627737226,0.019105839416058396,0.020072992700729927,0.021897810218978103,0.5105109489051095,0.03533029197080293
408,0.1385948905109489,0.13954379562043795,0.15328467153284672,0.11678832116788321,0.47437956204379556,0.16024817518248174
409,0.06204379562043796,0.06932481751824818,0.26094890510948904,0.06569343065693431,0.49808394160583935,0.09605930656934308
410,0.6295620437956204,0.722956204379562,0.9142335766423357,0.6879562043795621,0.5642518248175182,0.7137518248175182
411,0.6073905109489052,0.7063868613138686,0.04744525547445255,0.2773722627737226,0.5017153284671533,0.6565164233576641
412,0.6362773722627737,0.7297262773722627,0.740875912408759,0.6897810218978102,0.47833941605839414,0.6675912408759125
413,0.25970802919708025,0.2539233576642336,0.4726277372262774,0.27919708029197077,0.4868795620437956,0.28550821167883217
414,0.6591058394160584,0.5273540145985401,0.05474452554744525,0.6916058394160584,0.48552919708029196,0.490448905109489
415,0.3934671532846715,0.4921167883211679,0.6277372262773723,0.28102189781021897,0.47251824817518245,0.5159160583941605
416,0.3982116788321168,0.500529197080292,0.6021897810218978,0.28284671532846717,0.5292883211678833,0.4539680656934307
417,0.4491058394160584,0.3559306569343066,0.5182481751824818,0.2846715328467153,0.5327372262773722,0.33754835766423363
418,0.6763138686131387,0.6661861313868612,0.9160583941605839,0.9233576642335766,0.5021897810218978,0.6532764598540145
419,0.014598540145985401,0.04122262773722628,0.06934306569343066,0.04744525547445255,0.4715328467153284,0.05953284671532847
420,0.6620437956204379,0.7398357664233577,0.177007299270073,0.6934306569343065,0.5259306569343065,0.7075866788321168
421,0.45483576642335766,0.3420620437956204,0.7554744525547445,0.6952554744525548,0.5128102189781022,0.3865739051094891
422,0.6729562043795619,0.6709124087591241,0.7153284671532847,0.6970802919708029,0.5037226277372263,0.6400839416058394
423,0.6483394160583942,0.7356569343065693,0.9178832116788321,0.9251824817518248,0.48045620437956205,0.6829781021897811
424,0.6501642335766423,0.7083941605839416,0.043795620437956206,0.2864963503649635,0.5332664233576643,0.6201642335766422
425,0.19494525547445254,0.1387773722627737,0.5237226277372262,0.28832116788321166,0.49704379562043793,0.22216788321167877
426,0.640036496350365,0.741551094890511,0.3813868613138686,0.698905109489051,0.5342883211678833,0.6908248175182482
427,0.6334124087591241,0.7230839416058394,0.9197080291970803,0.927007299270073,0.5571350364963503,0.7156003649635037
428,0.043795620437956206,0.031697080291970804,0.24452554744525545,0.040145985401459854,0.5244160583941606,0.048547445255474456
429,0.6349817518248175,0.5210766423357664,0.5620437956204379,0.7007299270072993,0.5098357664233576,0.5508658759124088
430,0.6543430656934306,0.556058394160584,0.9215328467153284,0.9288321167883211,0.5171897810218978,0.554933394160584
431,0.6231021897810218,0.5364416058394161,0.4762773722627737,0.29014598540145986,0.5327737226277371,0.516271897810219
432,0.6388686131386861,0.5289416058394161,0.9233576642335766,0.9306569343065693,0.46045620437956203,0.5701304744525546
433,0.10218978102189781,0.06872262773722627,0.04562043795620438,0.06751824817518248,0.47184306569343065,0.10498448905109492
434,0.26248175182481753,0.2561678832116788,0.5638686131386861,0.7025547445255474,0.48627737226277373,0.30541514598540137
435,0.6556386861313869,0.7365693430656933,0.20437956204379562,0.7043795620437956,0.5008576642335767,0.7130000000000002
436,0.646934306569343,0.7233759124087591,0.9251824817518248,0.9324817518248175,0.5123357664233577,0.6930319343065693
437,0.674963503649635,0.7167700729927008,0.927007299270073,0.9343065693430657,0.5006204379562044,0.7090894160583942
438,0.15591240875912407,0.1433941605839416,0.06386861313868612,0.06934306569343066,0.5288138686131387,0.13419708029197075
439,0.6468065693430657,0.7391605839416058,0.4215328467153285,0.7062043795620437,0.5067153284671533,0.7054689781021898
440,0.625,0.7190328467153284,0.9288321167883211,0.9361313868613138,0.5087043795620437,0.7154717153284671
441,0.6770255474452554,0.7056569343065693,0.9306569343065693,0.9379562043795621,0.5095985401459854,0.7104653284671533
442,0.09124087591240876,0.1466970802919708,0.16058394160583941,0.11861313868613138,0.42120437956204376,0.17933759124087584
443,0.6367883211678832,0.7249817518248175,0.9324817518248175,0.9397810218978102,0.4907116788321168,0.7114324817518247
444,0.6140693430656934,0.7297445255474452,0.6824817518248175,0.708029197080292,0.5413868613138686,0.7087281021897811
445,0.029197080291970802,0.013631386861313868,0.009124087591240875,0.016423357664233577,0.4938686131386861,0.029893248175182484
446,0.2585766423357664,0.3523905109489051,0.12408759124087591,0.291970802919708,0.4846897810218978,0.38161131386861313
447,0.6585766423357664,0.7087773722627737,0.9343065693430657,0.7098540145985401,0.48122262773722624,0.7124717153284672
448,0.6516058394160583,0.6934306569343065,0.9361313868613138,0.9416058394160584,0.49906934306569345,0.7140912408759122
449,0.616897810218978,0.719507299270073,0.9379562043795621,0.9434306569343065,0.4751277372262774,0.7117481751824817
450,0.6280656934306569,0.7107481751824818,0.9397810218978102,0.9452554744525548,0.49718978102189776,0.707102189781022
451,0.6713686131386861,0.5721350364963503,0.35583941605839414,0.7116788321167883,0.5081021897810218,0.5342600364963503
452,0.6336678832116788,0.6975912408759123,0.9416058394160584,0.9470802919708029,0.5123722627737226,0.6931760948905109
453,0.25775547445255476,0.1720985401459854,0.2645985401459854,0.2937956204379562,0.47498175182481756,0.2116596715328467
454,0.6579197080291971,0.4206021897810219,0.4744525547445255,0.7135036496350364,0.4925729927007299,0.31059580291970795
455,0.41193430656934305,0.4889051094890511,0.5656934306569343,0.7153284671532847,0.5248357664233577,0.32239963503649643
456,0.6827372262773722,0.3594890510948905,0.6040145985401459,0.7171532846715328,0.5095985401459854,0.3836541970802919
457,0.26047445255474455,0.2705474452554744,0.5675182481751825,0.718978102189781,0.47810218978102187,0.34018886861313863
458,0.6820437956204379,0.6872262773722628,0.9434306569343065,0.948905109489051,0.5350364963503649,0.6637427007299271
459,0.6227007299270073,0.7004014598540146,0.9452554744525548,0.9507299270072992,0.5057116788321168,0.7076715328467154
460,0.25970802919708025,0.1950912408759124,0.5091240875912408,0.29562043795620435,0.5052007299270074,0.22669799270072993
461,0.6689598540145985,0.6910766423357664,0.9470802919708029,0.9525547445255474,0.4818248175182482,0.6955273722627737
462,0.6823175182481752,0.6684124087591241,0.15875912408759124,0.7208029197080291,0.5814416058394161,0.6345346715328468
463,0.6592335766423357,0.643448905109489,0.948905109489051,0.9543795620437956,0.4842335766423358,0.6403540145985402
464,0.4178467153284671,0.37290145985401457,0.5693430656934306,0.7226277372262774,0.5006751824817518,0.38839233576642335
465,0.23096715328467152,0.1827919708029197,0.3302919708029197,0.29744525547445255,0.5131386861313868,0.3276186131386862
466,0.6519160583941606,0.7132116788321167,0.28102189781021897,0.7244525547445255,0.4612043795620438,0.6832947080291969
467,0.6746167883211679,0.7078102189781021,0.9507299270072992,0.9562043795620437,0.4422262773722628,0.7098266423357664
468,0.6572080291970802,0.5489233576642336,0.9525547445255474,0.7262773722627737,0.48020072992700724,0.5675574817518247
469,0.6323905109489051,0.5261861313868613,0.7171532846715328,0.2992700729927007,0.5294160583941606,0.5268175182481751
470,0.6740693430656934,0.7336313868613138,0.3010948905109489,0.3010948905109489,0.5564051094890511,0.6907801094890511
471,0.43656934306569345,0.4556204379562044,0.6496350364963503,0.7281021897810219,0.4453102189781022,0.4579142335766423
472,0.6562773722627737,0.7306204379562043,0.9543795620437956,0.958029197080292,0.4946715328467153,0.7123184306569343
473,0.6487043795620437,0.7281204379562043,0.9562043795620437,0.9598540145985401,0.5390875912408759,0.7061587591240874
474,0.6531751824817518,0.7565510948905109,0.958029197080292,0.9616788321167883,0.4875182481751825,0.701213503649635
475,0.1243795620437956,0.409470802919708,0.14051094890510948,0.7299270072992701,0.4898540145985401,0.4577317518248174
476,0.6377919708029197,0.5015693430656935,0.13138686131386862,0.7317518248175182,0.4946715328467153,0.4769498175182482
477,0.6603102189781022,0.7045255474452554,0.9598540145985401,0.9635036496350364,0.5095620437956204,0.7149808394160584
478,0.6205839416058394,0.4992153284671533,0.5711678832116788,0.7335766423357664,0.5107664233576642,0.5383695255474452
479,0.6929927007299269,0.7156021897810219,0.9616788321167883,0.9653284671532847,0.4833759124087591,0.705169708029197
480,0.6783211678832117,0.7087591240875912,0.9635036496350364,0.9671532846715328,0.5324452554744525,0.7079890510948904
481,0.6656934306569343,0.7268795620437956,0.9653284671532847,0.968978102189781,0.4998905109489051,0.708647810218978
482,0.6737043795620438,0.6963138686131386,0.9671532846715328,0.9708029197080291,0.4769890510948905,0.7080264598540145
483,0.674014598540146,0.712390510948905,0.968978102189781,0.9726277372262774,0.48748175182481746,0.7070036496350365
484,0.6344525547445256,0.7191970802919708,0.9708029197080291,0.9744525547445255,0.48574817518248176,0.7072080291970801
485,0.1947992700729927,0.14125912408759123,0.47810218978102187,0.30291970802919704,0.46470802919708026,0.15590693430656938
486,0.2593065693430657,0.2618613138686131,0.17335766423357662,0.7354014598540146,0.514543795620438,0.3403549270072993
487,0.6537043795620439,0.726897810218978,0.17518248175182483,0.7372262773722628,0.4692518248175182,0.6307837591240875
488,0.6825547445255474,0.7077919708029197,0.9726277372262774,0.9762773722627737,0.46260948905109484,0.7096341240875912
489,0.6553832116788321,0.738558394160584,0.9744525547445255,0.9781021897810218,0.4827737226277372,0.7078768248175182
490,0.5915510948905109,0.6877189781021897,0.9762773722627737,0.9799270072992701,0.5025182481751824,0.6773640510948904
491,0.6552189781021898,0.7290328467153284,0.36496350364963503,0.7390510948905109,0.5423357664233577,0.7158430656934306
492,0.1739963503649635,0.5493430656934307,0.46532846715328463,0.740875912408759,0.4895437956204379,0.5326459854014598
493,0.6617883211678832,0.33868613138686127,0.6003649635036497,0.7427007299270073,0.5337226277372263,0.3710866788321169
494,0.414963503649635,0.4012956204379562,0.572992700729927,0.7445255474452555,0.532956204379562,0.3855793795620438
495,0.6380109489051095,0.5316058394160583,0.9781021897810218,0.9817518248175182,0.478521897810219,0.5621879562043797
496,0.6611678832116789,0.6403649635036497,0.3594890510948905,0.7463503649635036,0.5002007299270073,0.6464105839416059
497,0.639397810218978,0.6380839416058395,0.072992700729927,0.7481751824817519,0.517846715328467,0.6381195255474451
498,0.625383211678832,0.7201824817518249,0.9799270072992701,0.9835766423357664,0.4896532846715328,0.6745766423357665
499,0.6450912408759124,0.7150547445255475,0.6952554744525548,0.75,0.5012226277372263,0.6713074817518248
500,0.05474452554744525,0.167992700729927,0.3686131386861314,0.30474452554744524,0.5172445255474453,0.2229315693430657
501,0.6444160583941605,0.310456204379562,0.395985401459854,0.30656934306569344,0.46166058394160586,0.3215866788321168
502,0.09065693430656933,0.4063868613138686,0.4635036496350365,0.3083941605839416,0.5201642335766423,0.41058120437956197
503,0.6886313868613139,0.6807664233576642,0.9817518248175182,0.7518248175182481,0.48788321167883214,0.646169708029197
504,0.614507299270073,0.4972992700729926,0.3083941605839416,0.3102189781021898,0.5353467153284671,0.49786861313868613
505,0.040145985401459854,0.0322992700729927,0.005474452554744526,0.023722627737226276,0.48145985401459845,0.04427645985401459
506,0.6729014598540146,0.5594890510948906,0.2664233576642336,0.31204379562043794,0.510948905109489,0.549492700729927
507,0.6492518248175183,0.5114598540145985,0.31386861313868614,0.7536496350364963,0.5365145985401459,0.5499023722627737
508,0.6696350364963503,0.6959671532846715,0.3886861313868613,0.7554744525547445,0.4875547445255474,0.706382299270073
509,0.6239598540145985,0.7342883211678831,0.4197080291970803,0.7572992700729927,0.48483576642335763,0.684970802919708
510,0.30501824817518247,0.2871167883211679,0.28284671532846717,0.31386861313868614,0.5578284671532846,0.3744078467153285
511,0.6358394160583941,0.6281569343065694,0.6751824817518248,0.7591240875912408,0.5143065693430656,0.6396322992700729
512,0.6395985401459854,0.5307481751824817,0.9835766423357664,0.9854014598540146,0.5060036496350365,0.5646934306569343
513,0.6423722627737226,0.6490510948905109,0.6697080291970803,0.760948905109489,0.4977919708029197,0.6411569343065693
514,0.2571532846715328,0.25277372262773723,0.19160583941605838,0.7627737226277372,0.46322992700729926,0.3355647810218977
515,0.6527372262773722,0.7364051094890511,0.1970802919708029,0.7645985401459854,0.5222262773722628,0.663344890510949
516,0.6558759124087591,0.6777919708029198,0.1843065693430657,0.3156934306569343,0.4533576642335766,0.6391487226277373
517,0.1122080291970803,0.14025547445255473,0.08941605839416059,0.3175182481751825,0.5008029197080291,0.21976916058394158
518,0.6193978102189781,0.7340693430656934,0.18613138686131386,0.31934306569343063,0.5000729927007299,0.6426423357664234
519,0.1943978102189781,0.13903284671532845,0.4233576642335766,0.32116788321167883,0.4985036496350365,0.20562043795620438
520,0.415492700729927,0.38434306569343063,0.7572992700729927,0.7664233576642335,0.5032116788321167,0.3817144160583941
521,0.6682481751824817,0.7206204379562043,0.16605839416058393,0.7682481751824817,0.5201094890510949,0.6339397810218976
522,0.6640510948905108,0.5172445255474453,0.4543795620437956,0.322992700729927,0.5079379562043795,0.5054525547445256
523,0.6349635036496349,0.5686678832116788,0.9854014598540146,0.9872262773722628,0.4818795620437956,0.5712052919708028
524,0.45385036496350367,0.37864963503649635,0.718978102189781,0.3248175182481752,0.5374087591240876,0.38585310218978097
525,0.6458576642335766,0.6352189781021897,0.9872262773722628,0.7700729927007299,0.4962956204379562,0.6481149635036496
526,0.3707481751824817,0.3857481751824817,0.10036496350364964,0.3266423357664233,0.5165693430656934,0.3938868613138686
527,0.6588503649635037,0.6590875912408759,0.9890510948905109,0.9890510948905109,0.45744525547445253,0.6565346715328467
528,0.6684854014598539,0.5544160583941605,0.4489051094890511,0.7718978102189781,0.5310766423357663,0.5760529197080293
529,0.6599817518248176,0.5670802919708029,0.990875912408759,0.990875912408759,0.49965328467153286,0.5685839416058392
530,0.6877737226277372,0.7283394160583941,0.4927007299270073,0.7737226277372262,0.5064233576642335,0.7088430656934307
531,0.08531021897810219,0.5421350364963503,0.3868613138686131,0.7755474452554745,0.49928832116788324,0.44688777372262767
532,0.2603102189781022,0.2590693430656934,0.5748175182481752,0.7773722627737226,0.4544525547445255,0.28658211678832113
533,0.3325912408759124,0.31744525547445257,0.5766423357664233,0.3284671532846715,0.48394160583941603,0.372507299270073
534,0.6743613138686131,0.6333941605839416,0.9927007299270073,0.9927007299270073,0.5421715328467154,0.6610410583941606
535,0.6714781021897811,0.5226094890510948,0.7299270072992701,0.7791970802919708,0.4752554744525547,0.5375693430656934
536,0.6556934306569343,0.5556386861313869,0.6313868613138686,0.7810218978102189,0.4657846715328467,0.5240948905109489
537,0.2618978102189781,0.2506021897810219,0.5784671532846715,0.7828467153284672,0.5053649635036496,0.2855328467153284
538,0.49244525547445256,0.4094160583941606,0.6167883211678832,0.7846715328467153,0.4752554744525547,0.3921979927007299
539,0.6591058394160584,0.744470802919708,0.9945255474452555,0.9945255474452555,0.5075547445255474,0.6816140510948905
540,0.6812408759124087,0.5979379562043796,0.7262773722627737,0.7864963503649635,0.46917883211678835,0.6373795620437956
541,0.6441240875912408,0.725492700729927,0.9963503649635036,0.9963503649635036,0.5007481751824818,0.7108978102189781
542,0.6801459854014599,0.474470802919708,0.3667883211678832,0.3302919708029197,0.4846532846715328,0.46981113138686137
543,0.6614598540145985,0.7236496350364964,0.9981751824817517,0.9981751824817517,0.5750000000000001,0.7097445255474452
544,0.11866788321167883,0.2774817518248175,0.39233576642335766,0.33211678832116787,0.5267153284671532,0.18188868613138687
545,0.6398357664233576,0.5270437956204379,1.0,1.0,0.5511496350364963,0.5550383211678832
546,0.0018248175182481751,0.0036496350364963502,0.0018248175182481751,0.0036496350364963502,0.5175729927007299,0.011662408759124087
547,0.6410036496350364,0.6524817518248175,0.25364963503649635,0.7883211678832116,0.4838503649635036,0.6644434306569342
548,0.6357481751824817,0.7416788321167883,0.26824817518248173,0.7901459854014599,0.5308576642335767,0.7078521897810217
