original_id,lat,lon,seamless_mavg_global,seamless_mavg_local,rank_global,rank_local,adap_betweenness_frac_global,adap_betweenness_frac_local,rank_disagreement
NLD_0,51.4946567,4.2960754,0.5111493656820076,0.4708268858800774,270.0,193.0,0.5413130845448653,0.6775241779497099,False
NLD_1,51.5399789,4.4578403,0.1068486156125567,0.539127659574468,31.0,311.0,0.3101959440688952,0.1218568665377176,False
NLD_10,51.4333216,4.1171144,0.4889955736642282,0.503058994197292,215.0,222.0,0.6207861839059172,0.4598646034816248,False
NLD_1008,51.582016900000006,5.1934345,0.7144571256597833,0.7111905222437138,490.0,461.0,0.7311199185109732,0.7147969052224372,False
NLD_1012,51.8994088,5.1958728999999995,0.678244559681452,0.6961847195357833,424.0,439.0,0.7178872117788684,0.6795938104448743,False
NLD_1013,51.94698060000001,5.226601199999999,0.6797261042689138,0.6875560928433269,427.0,424.0,0.5169812019631448,0.7173114119922631,False
NLD_1015,51.8078029,5.2633823,0.1846640707472914,0.147884912959381,62.0,38.0,0.1121401981664969,0.02321083172147,False
NLD_1017,51.8825733,5.2709444,0.1002807574775442,0.1011208897485493,28.0,21.0,0.2450663950365774,0.0851063829787234,False
NLD_1023,51.64981099999999,5.2927051,0.7337621168626725,0.7309661508704063,503.0,495.0,0.5261777942402075,0.7102707930367504,False
NLD_1026,51.68965609999999,5.2928401,0.1841638022039078,0.2010667311411992,61.0,61.0,0.1879014723585517,0.6533268858800774,False
NLD_103,51.5920221,5.9970961,0.4606679692564125,0.4405889748549322,188.0,143.0,0.4088102602092786,0.5288588007736944,False
NLD_1037,51.7005543,5.3191158000000005,0.6455891564033707,0.6542785299806576,390.0,385.0,0.7035973701268635,0.2484912959381044,False
NLD_1038,51.71502690000001,5.3690961999999995,0.4558901287156218,0.4493036750483559,183.0,154.0,0.5880774145754237,0.715899419729207,False
NLD_104,51.526454,6.0142546,0.597246596907121,0.6877698259187622,345.0,426.0,0.3816781183442911,0.7279303675048355,False
NLD_1049,52.346391800000006,4.9172469,0.035677747939624,0.0378510638297872,4.0,4.0,0.2764635614408741,0.0986460348162475,False
NLD_1053,52.3316938,4.9176682000000005,0.6122228076673766,0.6204419729206964,357.0,357.0,0.8003689230484304,0.6881431334622824,False
NLD_1056,52.31836210000001,4.9414197999999985,0.5339300583387351,0.5454332688588007,307.0,317.0,0.2780272247430317,0.0599613152804642,False
NLD_1057,52.31172900000001,4.9473287,0.3735597833132696,0.3808588007736943,103.0,99.0,0.5116071858505418,0.7158220502901353,False
NLD_106,51.94344520000001,6.014453100000001,0.629214927308084,0.5567785299806576,379.0,328.0,0.8016147791462173,0.7187814313346228,False
NLD_1060,52.2980894,4.9599574,0.1288977405315307,0.1488617021276595,51.0,41.0,0.3425617186776553,0.1611605415860734,False
NLD_1061,52.2956478,4.974421799999999,0.5876619224002223,0.6055802707930367,343.0,343.0,0.7766417260857487,0.717659574468085,False
NLD_1062,52.31206770000001,5.043854700000001,0.3575048430410222,0.4024767891682785,97.0,105.0,0.1239261042689137,0.0077369439071566,False
NLD_1064,52.6643137,5.0605357,0.7011299749976848,0.7063723404255318,452.0,456.0,0.7774860635244004,0.6832495164410058,False
NLD_1066,52.345623399999994,4.9662255,0.5516296045930179,0.5376808510638298,325.0,306.0,0.8018079451801093,0.6942166344294004,False
NLD_1068,52.38869420000002,4.9181208,0.6234148810075008,0.6294400386847196,371.0,365.0,0.8056536716362626,0.7002321083172147,False
NLD_1071,52.4963796,4.935029200000001,0.5263012408556348,0.5423007736943907,291.0,314.0,0.5730723215112511,0.5323791102514507,False
NLD_1072,52.6452038,5.0542714,0.0576401611260301,0.067495164410058,12.0,11.0,0.2396792295582924,0.0638297872340425,False
NLD_1074,52.33009800000001,4.9552798000000005,0.1214340401889063,0.1110357833655706,42.0,22.0,0.357452541902028,0.1771179883945841,False
NLD_1075,52.32371680000001,4.9363673,0.4480039725900547,0.4689487427466152,167.0,190.0,0.5287156218168348,0.0793036750483559,False
NLD_1078,52.328939000000005,4.9662522,0.6656746458005369,0.6874932301740813,402.0,423.0,0.6831630706546903,0.6916634429400387,False
NLD_1079,52.6533353,5.084912399999999,0.6977094823594777,0.7039622823984526,448.0,451.0,0.8014312436336698,0.7190715667311411,False
NLD_108,51.923197300000005,6.0719818000000005,0.0504616816371886,0.2661083172147002,7.0,71.0,0.0789480507454394,0.0135396518375241,False
NLD_1080,52.40199309999999,4.9323589000000005,0.6340328826743218,0.6405116054158608,383.0,373.0,0.794502639133253,0.7207736943907156,False
NLD_1082,52.3230792,4.9735502,0.4499893693860542,0.4567446808510638,174.0,169.0,0.6284554125381979,0.4997485493230174,False
NLD_1087,52.29627110000001,4.989299,0.6448606537642374,0.6423317214700195,389.0,375.0,0.8134875451430689,0.7007930367504835,False
NLD_1089,52.30661069999999,4.952236400000001,0.7077836373738309,0.7148210831721472,465.0,470.0,0.5651482544680063,0.699651837524178,False
NLD_1090,51.964759,4.5608378,0.4623147606259839,0.4709323017408123,193.0,194.0,0.5453104917121956,0.4528239845261122,False
NLD_1093,51.93303529999999,4.563032399999999,0.706420964904158,0.7134835589941972,463.0,464.0,0.6743105843133624,0.7004061895551258,False
NLD_1095,51.9657663,4.570266800000001,0.5418284285581999,0.5547582205029012,318.0,326.0,0.5889950921381609,0.5695164410058027,False
NLD_1098,51.92849120000001,4.578322899999999,0.7085408463746642,0.7282350096711798,469.0,494.0,0.7855382905824614,0.7234622823984526,False
NLD_110,51.933455299999984,6.1330468,0.7014478192425226,0.6283926499032881,453.0,363.0,0.8141370497268265,0.7159961315280464,False
NLD_1101,51.9688713,4.5784685000000005,0.4057853782757664,0.4135464216634429,116.0,108.0,0.6784352254838412,0.4574274661508704,False
NLD_1104,51.954134599999975,4.5840874000000005,0.5730238355403279,0.5613549323017407,336.0,332.0,0.5332247430317623,0.7122050290135397,False
NLD_1107,51.9796857,4.5864304,0.7105664691175108,0.7179129593810445,477.0,481.0,0.8182463191036207,0.7153578336557059,False
NLD_1109,51.931394,4.5895479,0.3248051393647559,0.3258394584139265,83.0,80.0,0.6047406241318641,0.361063829787234,False
NLD_1112,51.9359471,4.6003816,0.7457791369571258,0.7567794970986459,509.0,510.0,0.809658857301602,0.6935203094777563,False
NLD_1115,51.9653148,4.6168528,0.6191135382905825,0.6406402321083171,364.0,374.0,0.5077047874803222,0.7065764023210832,False
NLD_112,51.959148,6.260030099999999,0.5312002315029168,0.5326750483558994,301.0,292.0,0.6135377349754607,0.4439845261121857,False
NLD_1120,51.193594399999995,5.9947813000000005,0.1085183905917214,0.150463249516441,32.0,43.0,0.1223787387721085,0.0251450676982591,False
NLD_1121,51.235404900000006,6.0315126,0.7024271691823317,0.6752224371373307,457.0,399.0,0.6093169737938698,0.6807736943907157,False
NLD_1123,51.4269307,6.0413095000000006,0.6015100842670617,0.6798733075435204,347.0,406.0,0.5598501713121585,0.7196324951644101,False
NLD_1126,51.2829604,6.079449699999999,0.3786700527826649,0.4470357833655706,105.0,152.0,0.4741813130845448,0.4531141199226305,False
NLD_1127,51.3391609,6.1431495,0.6280094360588944,0.4666392649903287,376.0,187.0,0.625252338179461,0.5439264990328819,False
NLD_1128,51.3723302,6.1551662,0.2900284007778498,0.1518384912959381,78.0,46.0,0.3410121307528475,0.082669245647969,False
NLD_113,51.9584492,6.295763,0.4901566256134827,0.5068781431334625,217.0,231.0,0.5727763681822391,0.4843520309477756,False
NLD_1131,51.3655717,6.1705644999999985,0.2955338179461061,0.6748210831721471,80.0,398.0,0.0834432817853505,0.7016441005802708,True
NLD_114,51.930853600000006,6.3483665,0.5061501620520418,0.5246528046421662,258.0,270.0,0.544783776275581,0.4925145067698259,False
NLD_1140,52.0810297,4.3237246,0.1112007963700342,0.1255125725338491,33.0,29.0,0.3719920362996574,0.2278143133462282,False
NLD_115,51.922625499999995,6.3642821,0.5043230669506437,0.5001402321083173,253.0,215.0,0.5239012871562182,0.6902127659574467,False
NLD_1159,52.07999040000001,4.3348431,0.7255353088248911,0.734926499032882,499.0,497.0,0.800753403092879,0.7274661508704062,False
NLD_1162,52.07888190000001,4.3424367,0.2587675247708121,0.2565193423597678,71.0,70.0,0.4653106769145291,0.1392649903288201,False
NLD_1171,52.371353000000006,4.901084599999998,0.6965079729604593,0.7050386847195359,445.0,455.0,0.7056653393832762,0.6778916827852999,False
NLD_1172,52.3789689,4.9013387,0.0314176405222705,0.0288829787234042,2.0,1.0,0.2871276970089823,0.1005802707930367,False
NLD_1176,52.385890200000006,4.7472349000000005,0.6687398277618298,0.6713742746615087,404.0,394.0,0.7025900546346884,0.7088974854932302,False
NLD_1178,52.3890363,4.838763200000001,0.0334232428928604,0.0351760154738878,3.0,3.0,0.1539616631169552,0.0328820116054158,False
NLD_1179,52.39510310000001,4.850595800000001,0.689301981664969,0.7019497098646036,436.0,446.0,0.7996790443559588,0.6854158607350097,False
NLD_1180,52.43822839999999,4.8136341,0.4617511251041764,0.4856421663442939,191.0,203.0,0.4398214649504584,0.1702707930367505,False
NLD_1182,52.457826300000015,4.8056834,0.5193130104639319,0.5222901353965184,280.0,267.0,0.5928243355866284,0.6919922630560928,False
NLD_1183,52.4692791,4.8051566,0.5173423279933328,0.5272127659574466,278.0,277.0,0.6282303917029355,0.4711411992263056,False
NLD_1184,52.4890911,4.792942200000001,0.423946652467821,0.4340444874274661,139.0,131.0,0.6203007685896842,0.4840812379110251,False
NLD_1186,52.494971500000005,4.7552167,0.684857912769701,0.6857456479690522,432.0,416.0,0.7175599592554867,0.7096711798839458,False
NLD_1187,52.6702428,4.823681700000001,0.1215648115566256,0.1466112185686653,43.0,36.0,0.3678848041485322,0.1655125725338491,False
NLD_1188,52.678044799999995,4.909218299999998,0.7546901379757385,0.7563075435203095,513.0,509.0,0.6940633391980738,0.7185880077369439,False
NLD_1189,52.4567546,4.8191929,0.5113549310121307,0.5181943907156674,271.0,254.0,0.5458062783591073,0.6927852998065764,False
NLD_1190,52.3850483,4.8836242,0.3850359940735253,0.4099912959381044,107.0,106.0,0.5099977775719975,0.5166344294003868,False
NLD_1198,52.238322800000006,6.1007009,0.6304866006111678,0.6307543520309478,382.0,367.0,0.6830130567645153,0.6798839458413927,False
NLD_1201,52.25701969999999,6.1612717,0.0461363737383091,0.050284332688588,6.0,6.0,0.1448926752477081,0.0038684719535783,False
NLD_1205,52.2840605,6.421178,0.3691523566996945,0.37334332688588,102.0,97.0,0.6313512362255764,0.4906963249516441,False
NLD_1208,52.3354376,6.1134201,0.7119502824335587,0.7222466150870406,484.0,488.0,0.5664620798222058,0.6895938104448742,False
NLD_121,51.957133299999995,6.213717900000002,0.4163072506713584,0.4701876208897485,130.0,191.0,0.6696677470136123,0.53678916827853,False
NLD_1211,52.39099589999999,6.141045299999999,0.3753297990554681,0.384468085106383,104.0,100.0,0.5043287341420502,0.4575822050290135,False
NLD_1212,52.3914016,6.278230000000001,0.4515102509491619,0.4611837524177949,176.0,174.0,0.5760435225483841,0.72036750483559,False
NLD_1213,52.4269576,6.222031000000001,0.555366839522178,0.5647369439071566,327.0,334.0,0.5921889063802205,0.5288201160541586,False
NLD_1214,52.5046802,6.0913417,0.0314083896657097,0.0309226305609284,1.0,2.0,0.1690441707565515,0.0386847195357833,False
NLD_1215,52.5097013,6.417220599999999,0.6089840633391981,0.608147001934236,351.0,345.0,0.4465902398370219,0.6989941972920696,False
NLD_1216,52.6918925,6.1980483,0.0731066117233077,0.0824284332688588,16.0,17.0,0.1035942216871932,0.0212765957446808,False
NLD_1223,52.250350000000005,6.215678900000001,0.7216498657283082,0.7244893617021276,497.0,492.0,0.7879044355958885,0.6858220502901354,False
NLD_1226,52.2614701,6.7961412999999995,0.5163042874340216,0.5302630560928434,275.0,283.0,0.509218260950088,0.6912379110251451,False
NLD_1230,52.357705200000005,6.654414299999998,0.2816687841466802,0.3103249516441005,76.0,77.0,0.3045900546346884,0.0657640232108317,False
NLD_1233,52.6630362,6.7360253,0.5641623668858228,0.5353539651837524,334.0,296.0,0.6801822390962127,0.6952030947775629,False
NLD_1234,53.1039225,6.884978500000001,0.6588091397351608,0.6702050290135395,398.0,393.0,0.7588056301509399,0.7281044487427466,False
NLD_1235,53.1391673,7.035781099999999,0.4294777849800907,0.3353201160541586,147.0,81.0,0.407595518103528,0.357311411992263,False
NLD_1236,53.15970560000001,6.771004400000001,0.710707176590425,0.7116760154738878,478.0,462.0,0.429616075562552,0.6638104448742747,False
NLD_1239,53.16081019999999,6.7405089,0.3526064080007409,0.3678355899419728,95.0,96.0,0.4174695805167145,0.5698452611218568,False
NLD_124,52.08511849999999,5.624300499999999,0.436223455875544,0.4478646034816247,153.0,153.0,0.5472730808408186,0.4918568665377176,False
NLD_1241,53.1614575,6.7237659,0.5945431706639505,0.6017553191489362,344.0,341.0,0.2977116399666636,0.4496711798839458,False
NLD_1242,53.16543479999999,6.977958999999999,0.6737013334568017,0.7193916827852997,411.0,483.0,0.3808189647189554,0.7072920696324952,False
NLD_1244,53.1847702,7.200524599999999,0.5355436799703677,0.7451102514506772,312.0,502.0,0.3602526159829614,0.6831334622823985,False
NLD_1245,53.1593423,6.8667625,0.1271574312436336,0.1540502901353965,50.0,49.0,0.2116342253912399,0.1033462282398452,False
NLD_1254,52.278560199999994,4.9773816,0.6961712102972498,0.7012998065764025,443.0,445.0,0.4978070191684415,0.6930754352030948,False
NLD_1255,52.3169789,4.979007299999999,0.4293865450504676,0.4380764023210832,145.0,140.0,0.6422778035003242,0.4996711798839458,False
NLD_1257,52.3115025,4.9842363999999995,0.7035805444948606,0.7040338491295939,458.0,453.0,0.8040383368830448,0.6700386847195359,False
NLD_126,51.91968929999999,5.722172400000002,0.695855440318548,0.686674081237911,442.0,419.0,0.7175542179831466,0.703404255319149,False
NLD_1261,52.34294659999998,5.1522517,0.5289001944624502,0.5305067698259187,299.0,284.0,0.6255118066487638,0.6668665377176015,False
NLD_1282,52.3675453,5.1903657999999995,0.4687668302620612,0.4814090909090908,201.0,199.0,0.5753154921752014,0.6797098646034817,False
NLD_129,51.811219099999995,5.7297547,0.5284076118159089,0.5357195357833656,297.0,299.0,0.5715601444578202,0.5248549323017409,False
NLD_1298,52.3267211,4.946409100000001,0.6267359107324753,0.6334961315280465,375.0,368.0,0.5887685896842301,0.7018568665377176,False
NLD_130,52.00567169999999,5.792394399999998,0.6535131586257987,0.6670870406189555,395.0,390.0,0.6261261227891471,0.6939651837524178,False
NLD_1303,52.329448299999974,4.9305189,0.5000458746180201,0.4984864603481626,237.0,210.0,0.5548311880729697,0.6665377176015475,False
NLD_1311,52.33995949999999,4.9210115000000005,0.6096730252801185,0.6123065764023211,352.0,349.0,0.692999166589499,0.7138878143133462,False
NLD_1320,52.31179569999999,6.5191895,0.6342735438466526,0.6487059961315279,384.0,381.0,0.6552327067321049,0.4891489361702127,False
NLD_1325,52.409132600000014,5.8930385,0.5075894990276878,0.5162785299806576,261.0,250.0,0.4802239096212612,0.415357833655706,False
NLD_133,51.8239665,5.794224299999999,0.4266755995925548,0.4368384912959381,142.0,137.0,0.6305007871099175,0.4979690522243714,False
NLD_1331,52.4541575,6.0027572000000005,0.4922567182146494,0.5128549323017408,219.0,244.0,0.4842690989906473,0.5624758220502901,False
NLD_1332,52.457293400000005,6.569709499999999,0.6965232984535606,0.6999825918762089,446.0,443.0,0.7734043892953052,0.6777756286266925,False
NLD_1336,52.509025,6.574226699999999,0.1329647374756922,0.1586721470019342,53.0,56.0,0.165949439762941,0.1266150870406189,False
NLD_1337,52.5278636,6.0512888,0.6236300768589684,0.633715667311412,372.0,369.0,0.8108621168626725,0.6920502901353965,False
NLD_1339,52.5597447,5.921572500000001,0.6351516066302436,0.6299651837524178,385.0,366.0,0.8113738309102694,0.6917021276595745,False
NLD_1340,52.498228100000006,6.259489199999999,0.6371996573756828,0.6377388781431335,387.0,371.0,0.4489834243911473,0.7094197292069632,False
NLD_1349,52.366378000000005,6.4624207,0.6112316047782205,0.6169023210831721,354.0,353.0,0.5817196036670063,0.1704255319148936,False
NLD_1355,52.3645995,4.833861199999999,0.675062098342439,0.69794584139265,415.0,441.0,0.7585963515140292,0.7268858800773694,False
NLD_1356,52.357834100000005,4.8339197,0.2399313084544864,0.2325473887814313,69.0,65.0,0.5912025187517362,0.4824564796905222,False
NLD_1365,52.372584100000005,4.8351828,0.2327732382628021,0.2515599613152804,68.0,69.0,0.4580548198907306,0.1459574468085106,False
NLD_1368,52.3794609,4.838056399999999,0.606724344846745,0.608651837524178,348.0,347.0,0.7755079173997593,0.6986653771760154,False
NLD_137,51.8272972,5.8224752,0.6787160848226688,0.683090909090909,426.0,411.0,0.7018136864524493,0.6933268858800774,False
NLD_1372,52.3529095,4.9482955,0.4700002870636171,0.4959458413926499,202.0,209.0,0.3907939624039263,0.7142359767891683,False
NLD_1375,52.36005229999999,4.930103300000001,0.4727677284933791,0.4850996131528046,204.0,200.0,0.2598779516621909,0.0773694390715667,False
NLD_1384,52.5039525,4.9544121,0.414586248726734,0.4265077369439071,128.0,125.0,0.6604024446708029,0.4626112185686654,False
NLD_1387,52.5112041,4.9670991,0.7023949347161774,0.7074854932301742,456.0,457.0,0.8139455505139365,0.7033655705996131,False
NLD_139,51.99476849999997,5.840467299999999,0.4477296138531346,0.4418268858800774,165.0,145.0,0.5430130567645153,0.291605415860735,False
NLD_1396,52.370539099999995,4.892563900000001,0.6111246782109454,0.6132214700193425,353.0,350.0,0.789692564126308,0.7118375241779497,False
NLD_142,51.916895800000006,5.8551096000000005,0.0948922307621076,0.1249303675048356,23.0,28.0,0.2179870358366515,0.011605415860735,False
NLD_1420,52.3666262,4.9036061,0.4410266783961477,0.4413027079303675,155.0,144.0,0.6501844615242152,0.5324177949709864,False
NLD_1422,52.361299300000006,4.907847199999999,0.4266099361051949,0.4437514506769825,141.0,148.0,0.6410488008148902,0.4648936170212766,False
NLD_1434,52.6381884,4.740681999999999,0.4482438559125845,0.4584129593810445,168.0,171.0,0.5404057783128068,0.5092456479690521,False
NLD_1435,52.643765300000005,4.7639556,0.676026104268914,0.6761363636363635,418.0,401.0,0.5748765626446893,0.7133268858800774,False
NLD_1438,52.78527119999999,4.8052883,0.717938012778961,0.712904255319149,495.0,463.0,0.7213690156495972,0.7100967117988395,False
NLD_1439,52.867646,4.811310699999999,0.3206936012593759,0.3378723404255319,82.0,83.0,0.6468115566256134,0.3614119922630561,False
NLD_1453,52.9326229,4.7641808999999995,0.7459834243911472,0.7460483558994198,510.0,503.0,0.7920374108713769,0.6987814313346228,False
NLD_1474,52.6825447,5.0332336999999985,0.4080815723678118,0.4303423597678916,122.0,128.0,0.7036408926752477,0.6979110251450676,False
NLD_1480,52.75019540000001,5.071837199999999,0.5601296231132512,0.5601528046421663,330.0,331.0,0.5268537827576628,0.2415667311411992,False
NLD_1481,52.760376699999995,5.0737630000000005,0.4008662098342438,0.4137794970986461,112.0,109.0,0.708819149921289,0.6714506769825919,False
NLD_1484,52.77404769999998,5.1057898,0.7108498101676082,0.7136324951644101,479.0,465.0,0.8146891378831373,0.7047195357833655,False
NLD_1487,52.690467000000005,5.182510300000001,0.4094960737105287,0.425463249516441,125.0,122.0,0.6900383368830448,0.6678336557059961,False
NLD_1491,52.6961115,5.2533431,0.3972085933882767,0.4154825918762088,109.0,112.0,0.7063741087137698,0.7007350096711799,False
NLD_1495,53.196218400000014,5.7923479,0.5263186128345217,0.5359158607350096,292.0,300.0,0.3788193351236225,0.1102514506769826,False
NLD_1501,53.08988339999999,5.822289800000001,0.5268060653764237,0.5305531914893618,293.0,285.0,0.390378923974442,0.1508704061895551,False
NLD_1504,53.202103300000005,5.842464499999998,0.4672911658486896,0.4681054158607349,199.0,189.0,0.4706235762570608,0.7014893617021277,False
NLD_1506,53.047358300000006,5.8433715,0.4533384202240948,0.4734468085106382,178.0,196.0,0.5725067135845912,0.7332882011605416,False
NLD_1508,52.96062160000001,5.9153395,0.5109122511343641,0.5253491295938105,269.0,275.0,0.6281361237151588,0.6968085106382979,False
NLD_1511,53.218884200000005,5.9344244999999995,0.5216277433095657,0.5377775628626693,282.0,307.0,0.4321061209371238,0.5194390715667312,False
NLD_1512,52.9361531,5.9431983,0.521598620242615,0.5366276595744681,281.0,305.0,0.5691001018612835,0.24,False
NLD_1513,53.235089900000006,5.989697699999999,0.4975264654134642,0.5064574468085106,231.0,229.0,0.3950358366515418,0.4438878143133462,False
NLD_1516,52.8802184,6.004712400000001,0.4174673395684786,0.4195647969052224,133.0,117.0,0.676888230391703,0.6840618955512573,False
NLD_1518,52.791213799999994,6.1164584,0.7061763496620059,0.7026199226305607,462.0,447.0,0.7923304009630521,0.7190522243713733,False
NLD_1519,53.25642660000001,6.144797400000001,0.5227697657190481,0.5363675048355899,284.0,304.0,0.3856907121029724,0.5295357833655706,False
NLD_1524,53.248286400000005,6.035483599999999,0.5044106676544126,0.5029342359767892,255.0,221.0,0.3622615056949718,0.4830560928433269,False
NLD_1525,53.325767799999994,6.862006000000001,0.5280791925178256,0.5354148936170213,295.0,298.0,0.5666413556810815,0.4099613152804642,False
NLD_1527,53.32636059999999,6.687392500000001,0.4343547735901471,0.442127659574468,152.0,146.0,0.6913684600425966,0.5013346228239846,False
NLD_1528,53.333733900000006,6.9237352,0.7080478840633393,0.7137301740812377,466.0,467.0,0.8160092601166774,0.6977756286266925,False
NLD_1529,53.3347564,6.7473725999999985,0.5101062968793406,0.5251557059961317,267.0,273.0,0.5650112047411797,0.4766731141199226,False
NLD_1531,53.4096488,6.674839100000001,0.4867456431151032,0.5076228239845262,214.0,233.0,0.5132064080007408,0.4241972920696325,False
NLD_1532,53.413946200000005,6.7202534,0.5332013704972683,0.5363326885880078,306.0,303.0,0.6211573293823502,0.6123597678916828,False
NLD_1536,53.4212147,6.758516699999999,0.4057563663302157,0.4199439071566731,115.0,119.0,0.6672234466154274,0.4025725338491296,False
NLD_1539,53.3320112,6.907022799999998,0.4041224928234095,0.4188017408123791,114.0,115.0,0.7129310121307528,0.5618181818181818,False
NLD_154,51.9547591,5.851955500000002,0.6284218631354757,0.6252137330754355,378.0,360.0,0.3402446522826187,0.6840038684719536,False
NLD_1541,52.886632299999995,5.359448,0.716392304843041,0.7225145067698258,492.0,489.0,0.8162127974812483,0.715183752417795,False
NLD_1543,52.94645380000001,5.4231314,0.5256233725344939,0.5314709864603482,290.0,289.0,0.6168332252986388,0.7061895551257253,False
NLD_1544,53.1703923,5.4252094,0.4074718492453005,0.4157940038684719,120.0,113.0,0.6400461153810538,0.7103481624758221,False
NLD_1545,52.9715753,5.4558214000000005,0.4956437170108344,0.5185164410058027,225.0,255.0,0.6171873321603852,0.1936363636363636,False
NLD_1547,53.1824012,5.549851,0.5422326419112882,0.5582649903288202,319.0,329.0,0.643038244281878,0.2420696324951644,False
NLD_1548,53.01471019999999,5.6159999,0.5013888693397537,0.4996992263056093,243.0,213.0,0.5727074729141587,0.6916247582205028,False
NLD_1553,53.040124600000006,5.662760100000001,0.4496678673951292,0.4704468085106383,172.0,192.0,0.4691760348180387,0.7145647969052225,False
NLD_1554,53.129743399999995,5.713231600000001,0.5329979627743309,0.5245889748549323,304.0,269.0,0.35512288174831,0.0909090909090909,False
NLD_1556,53.1887582,5.728059200000001,0.5321740068524864,0.5292949709864604,303.0,282.0,0.4517629410130567,0.6904835589941973,False
NLD_1559,52.7336226,6.4727728,0.6883155199555515,0.6946402321083172,435.0,434.0,0.4499651819612927,0.6985686653771761,False
NLD_156,51.842881000000006,5.852292,0.1436288082229836,0.1620164410058027,56.0,58.0,0.1856886748773034,0.0905802707930367,False
NLD_1562,53.361054,6.5188464999999995,0.4331966385776462,0.4304110251450677,150.0,129.0,0.6237368274840263,0.4508123791102514,False
NLD_1563,53.39015020000002,6.566863700000001,0.5216807667376608,0.53963249516441,283.0,313.0,0.6178483192888231,0.5538684719535784,False
NLD_1565,53.20457160000001,6.5856218,0.5072031021390869,0.4947030947775628,260.0,208.0,0.5911284378183165,0.4955705996131527,False
NLD_1569,53.30688899999999,6.592710800000001,0.6817783683674415,0.683536750483559,430.0,412.0,0.7211436244096676,0.7088974854932302,False
NLD_157,51.584022399999995,4.924225900000001,0.6999866561718677,0.6949342359767892,450.0,437.0,0.4749732382628021,0.7205029013539652,False
NLD_1571,53.4009373,6.609438000000001,0.5099551902953976,0.5074148936170213,265.0,232.0,0.5642250208352626,0.4642359767891683,False
NLD_1574,53.1777182,5.6347676999999985,0.4558907213630892,0.4632417794970987,184.0,179.0,0.5912714140198166,0.7133268858800774,False
NLD_1576,53.03262009999999,5.6518894999999985,0.5286827021020466,0.5379816247582205,298.0,308.0,0.5208732290026854,0.3611025145067698,False
NLD_1580,52.9024767,5.410768200000001,0.4092787758125752,0.4197234042553192,124.0,118.0,0.6651121400129643,0.3615473887814313,False
NLD_1581,53.17461590000003,5.4114962,0.7124203074358739,0.7162930367504835,487.0,478.0,0.8125648671173258,0.7052030947775628,False
NLD_1582,53.255786400000005,6.3098856,0.4598215112510417,0.4674342359767892,187.0,188.0,0.3974832854893972,0.7203094777562862,False
NLD_159,51.83391870000001,4.9677868,0.6813720807482173,0.693872340425532,428.0,432.0,0.6988552643763312,0.6656479690522243,False
NLD_1590,53.2481468,6.406745600000001,0.5283798870265766,0.5288771760154739,296.0,280.0,0.3465213445689415,0.04642166344294,False
NLD_1593,53.330093000000005,6.5203056,0.6816872673395684,0.6883665377176015,429.0,428.0,0.6898772108528567,0.7079883945841392,False
NLD_1594,52.8550687,6.521237399999999,0.4484931845541253,0.4455667311411992,170.0,150.0,0.4141757570145383,0.3603288201160541,False
NLD_1596,53.29159550000001,6.5403725,0.1118005000463006,0.1390454545454545,34.0,31.0,0.2533727196962682,0.0618955512572533,False
NLD_1599,53.22986410000001,6.5562556,0.6411016020001853,0.6457591876208898,388.0,378.0,0.5794532827113622,0.7232688588007737,False
NLD_1602,53.210923699999995,6.5641028000000015,0.4955784980090749,0.5021808510638298,224.0,220.0,0.5685159737012686,0.531605415860735,False
NLD_1608,50.771948,5.710075599999999,0.6246939438836929,0.7483858800773693,373.0,507.0,0.3725280118529493,0.6742940038684719,False
NLD_161,51.87212030000001,4.9927723,0.4497678025743125,0.4504081237911025,173.0,157.0,0.5989997221964997,0.4994584139264991,False
NLD_1611,50.83767919999999,5.717429699999999,0.3787845078247986,0.3392659574468085,106.0,84.0,0.2895523659598111,0.3554352030947775,False
NLD_1612,50.8497947,5.706074299999999,0.6967097416427448,0.7154603481624758,447.0,472.0,0.3534149458283174,0.720889748549323,False
NLD_1614,50.8825619,5.750582800000001,0.7099868135938513,0.7229361702127659,475.0,490.0,0.6074351328826744,0.6890135396518375,False
NLD_1619,50.8964511,5.7367567,0.7127781368645245,0.7195009671179884,488.0,484.0,0.5612886378368367,0.7054932301740813,False
NLD_162,51.573665000000005,4.9934935,0.4005725437540513,0.4106808510638299,111.0,107.0,0.4563594777294194,0.3567504835589942,False
NLD_1621,50.870519400000006,5.7175500999999995,0.1292904342994721,0.157169245647969,52.0,54.0,0.1762740994536531,0.1431334622823984,False
NLD_1633,50.816919,6.0057703999999985,0.6215307713677192,0.7721315280464217,367.0,517.0,0.6946619131401055,0.6908123791102514,False
NLD_1635,50.8590632,6.056646700000001,0.7113725067135845,0.7159574468085107,481.0,476.0,0.7208239651819612,0.5358607350096712,False
NLD_1640,50.8762291,6.0595563,0.3482983979998148,0.3563974854932301,93.0,88.0,0.5914914343920734,0.4169439071566731,False
NLD_1641,50.89011220000001,6.045602299999999,0.7123452819705528,0.7205599613152807,486.0,485.0,0.6854592091860358,0.7059767891682786,False
NLD_1643,50.896103,6.0577971999999995,0.7576124733771645,0.7668423597678916,514.0,514.0,0.5923387350680619,0.7117794970986461,False
NLD_1644,50.89644310000001,6.0202475999999985,0.1194093619779609,0.1382543520309477,41.0,30.0,0.3580968608204463,0.2286847195357833,False
NLD_165,51.5653143,5.0486762,0.6149622187239561,0.6204545454545454,362.0,358.0,0.4687237707195111,0.7112185686653771,False
NLD_1652,50.823222000000015,5.9247316,0.6218481711269562,0.618205996131528,368.0,356.0,0.7196903416983054,0.62678916827853,False
NLD_1653,50.83140130000001,5.9784901,0.1142026020927864,0.1411547388781431,35.0,32.0,0.3298192425224558,0.3208123791102514,False
NLD_1657,50.8329101,5.8981544,0.611764005926475,0.6232833655705996,355.0,359.0,0.7188178535049542,0.6996324951644101,False
NLD_1660,50.8560087,5.8714103,0.1187149550884341,0.153848162475822,40.0,48.0,0.2923879988887859,0.081237911025145,False
NLD_1662,50.8662625,5.890166600000001,0.6198651264005925,0.6170483558994198,365.0,354.0,0.6609184183720715,0.7020116054158607,False
NLD_1666,50.8693709,5.8330237,0.7096920270395407,0.7159419729206963,474.0,474.0,0.5767684044818965,0.688046421663443,False
NLD_1667,50.8733825,5.7964022,0.3490671358459116,0.3561092843326885,94.0,87.0,0.4951580701916844,0.3607350096711799,False
NLD_1668,50.8868243,5.929429300000001,0.6118782109454579,0.6115899419729207,356.0,348.0,0.6673623483655895,0.7254932301740812,False
NLD_1671,50.8908484,5.9751061,0.7371622002037225,0.7538075435203094,505.0,508.0,0.5603692934530975,0.6819922630560928,False
NLD_1673,50.89613570000001,5.9528939,0.1230301694601351,0.1531924564796905,45.0,47.0,0.2308413742013149,0.0951450676982591,False
NLD_1676,50.90555790000001,5.930243900000001,0.6746645337531254,0.6891982591876209,414.0,429.0,0.6493356792295583,0.7184139264990329,False
NLD_1679,50.9195818,5.89277,0.4230231502916936,0.4382156673114119,138.0,141.0,0.5780257431243634,0.72036750483559,False
NLD_1694,50.9388295,5.875550199999998,0.5414919436984904,0.5503897485493229,317.0,322.0,0.5159242522455784,0.2406382978723404,False
NLD_1697,50.943392300000006,5.849573100000001,0.4177364107787758,0.4423762088974855,134.0,147.0,0.5917464580053708,0.6831721470019342,False
NLD_1701,50.96703719999998,5.8432373,0.6952241411241781,0.6868027079303675,441.0,420.0,0.6555760718585054,0.6745261121856867,False
NLD_1704,50.9752634,5.8245965,0.7163422631725158,0.7160396518375242,491.0,477.0,0.5243153995740346,0.7013539651837525,False
NLD_1708,51.001205299999995,5.858552,0.1185627743309565,0.1547321083172146,39.0,50.0,0.2388458190573201,0.0933075435203094,False
NLD_171,51.560652999999995,5.083331299999999,0.3013162978053523,0.3190377176015474,81.0,78.0,0.4587522918788777,0.0444874274661508,False
NLD_1713,51.060947500000005,5.8628906999999995,0.612379414760626,0.6180309477756287,358.0,355.0,0.4974932864154088,0.7057833655705996,False
NLD_1730,51.304148700000006,5.6304081,0.5631362718770256,0.4498839458413927,332.0,155.0,0.3374292064080008,0.4788201160541586,False
NLD_174,51.8946382,5.0924835,0.4417085470876933,0.4536382978723404,158.0,164.0,0.6007734049449023,0.4767891682785299,False
NLD_1752,51.498140600000006,3.8895966,0.7113993332715994,0.7082243713733075,482.0,458.0,0.8141405685711639,0.6748936170212766,False
NLD_1765,51.4804309,3.9567925,0.4019152143717012,0.4238375241779498,113.0,121.0,0.648112232614131,0.5269052224371373,False
NLD_1775,51.9213392,6.5787107,0.5033922307621076,0.5082340425531916,248.0,234.0,0.4981505694971757,0.7048549323017409,False
NLD_1778,51.97464960000001,6.703689499999999,0.496045133808686,0.5129816247582204,227.0,245.0,0.6021922400222243,0.4691876208897485,False
NLD_1779,52.01203109999999,6.596092100000001,0.5351759792573386,0.5342137330754352,310.0,294.0,0.6085213445689416,0.4596518375241779,False
NLD_1783,52.57227170000001,6.6279598,0.6851682285396796,0.6830454545454545,433.0,410.0,0.2942198351699231,0.6906382978723404,False
NLD_1784,52.6098745,6.6763081,0.4513619594406889,0.4376750483558994,175.0,139.0,0.2696679322159459,0.3580077369439071,False
NLD_1787,52.69468950000001,6.7585202,0.4534314473562367,0.504583172147002,179.0,226.0,0.6689887952588203,0.1938491295938104,False
NLD_1788,52.748690800000006,6.874372299999998,0.406359857394203,0.4140077369439071,118.0,111.0,0.6928287804426336,0.3569439071566731,False
NLD_1794,52.992233199999994,6.5713667,0.4703541809426799,0.5004439071566732,203.0,216.0,0.4186367256227428,0.7094003868471953,False
NLD_1798,52.71836609999999,6.8488011,0.5511472358551719,0.5323046421663442,324.0,291.0,0.5633532734512454,0.7492263056092844,False
NLD_1804,52.7906277,6.899675199999999,0.7122995925548661,0.7137930367504836,485.0,468.0,0.7977144180016668,0.691605415860735,False
NLD_1806,53.4586109,6.8308031,0.708522363181776,0.7110938104448743,468.0,460.0,0.8119542550236133,0.6928239845261122,False
NLD_1807,53.17486300000001,6.6180870999999994,0.5297272247430318,0.5286315280464216,300.0,279.0,0.3983887396981202,0.1674468085106382,False
NLD_1816,53.053667100000006,6.8504119999999995,0.4156644133716084,0.4363191489361702,129.0,136.0,0.6196245948698953,0.4957446808510639,False
NLD_1817,53.0838181,6.870819599999999,0.461256903416983,0.4649400386847195,190.0,182.0,0.6342502083526251,0.5209477756286267,False
NLD_1818,52.996187,6.935597100000001,0.7087565330123161,0.7048249516441005,471.0,454.0,0.7922694693953143,0.7431721470019343,False
NLD_1828,52.44113540000001,6.576017300000001,0.3873278914714325,0.3886673114119922,108.0,101.0,0.5865424576349663,0.3593423597678917,False
NLD_1829,52.23033830000001,6.582635300000001,0.4301024724511529,0.4361885880077369,149.0,135.0,0.6122544680062969,0.3547582205029013,False
NLD_183,51.57518,4.6364228,0.7235727845170848,0.668899419729207,498.0,391.0,0.6345902398370219,0.7224177949709865,False
NLD_1832,52.36157459999999,6.592149600000002,0.2806059264746737,0.3012359767891682,75.0,76.0,0.4065650523196592,0.6990715667311412,False
NLD_1839,52.3422418,6.6664249,0.6080600425965367,0.6083413926499032,349.0,346.0,0.6071704787480322,0.6836750483558994,False
NLD_1842,52.2600436,6.715139699999999,0.5239865172701176,0.5383433268858802,287.0,310.0,0.5656866376516344,0.680174081237911,False
NLD_1846,52.4020925,6.600453600000001,0.6302224928234097,0.6394516441005803,381.0,372.0,0.7171038059079544,0.7302321083172146,False
NLD_185,51.5878362,4.5333158000000005,0.3397946846930272,0.4288646034816247,89.0,127.0,0.5865620890823224,0.3624758220502901,False
NLD_1850,52.298612799999994,6.748451200000001,0.4567356514492082,0.4641547388781431,185.0,180.0,0.5781076025557922,0.3624564796905222,False
NLD_1851,52.261691899999995,6.7679488,0.4963191777016391,0.5035367504835591,228.0,224.0,0.526858598018335,0.1936170212765957,False
NLD_187,51.6412756,4.610052199999999,0.7304498286878415,0.7037901353965184,501.0,450.0,0.6796145939438837,0.6831528046421663,False
NLD_189,51.69020569999999,4.663481,0.0967433003055838,0.113068665377176,25.0,24.0,0.3299073988332253,0.0947775628626692,False
NLD_19,51.4503095,5.4569206,0.3565388461894619,0.3627369439071567,96.0,93.0,0.3510789887952588,0.3601934235976789,False
NLD_190,51.790252399999986,4.6716845000000005,0.7532534216131124,0.7589448742746616,512.0,512.0,0.5479133253078989,0.7071760154738879,False
NLD_194,51.8070197,4.668489200000001,0.1182219094360588,0.1494680851063829,38.0,42.0,0.3846735808871191,0.3133462282398452,False
NLD_198,51.815274300000006,4.6411824,0.7319549217520142,0.7407920696324951,502.0,500.0,0.8309876840448189,0.6705029013539652,False
NLD_203,51.6057193,4.721422199999999,0.6585842670617649,0.7580464216634428,397.0,511.0,0.7244292990091675,0.7101160541586073,False
NLD_205,51.5951433,4.7800231,0.1013944902305769,0.1423597678916827,29.0,33.0,0.3303661450134271,0.1742940038684719,False
NLD_214,51.801954599999995,4.7162029,0.6581422353921659,0.6637021276595745,396.0,389.0,0.5553882766922863,0.4026885880077369,False
NLD_23,51.442963799999994,5.467376000000001,0.707689378646171,0.7170899419729206,464.0,479.0,0.4483898509121215,0.7107350096711799,False
NLD_237,51.86264700000001,5.859698999999998,0.7008238262802111,0.7233133462282398,451.0,491.0,0.4442252060375961,0.6765377176015474,False
NLD_238,51.8268047,5.8678616,0.6693758588758218,0.6852727272727275,406.0,415.0,0.4307634040188906,0.7117408123791104,False
NLD_240,51.7271575,5.873987700000001,0.5251843689230484,0.5283974854932302,289.0,278.0,0.3475214371701083,0.4526112185686654,False
NLD_241,51.766275400000005,5.8788202,0.4294752940087045,0.439683752417795,146.0,142.0,0.3886802481711269,0.5265764023210832,False
NLD_242,51.984847,5.9003538,0.6187559125844986,0.6337456479690522,363.0,370.0,0.4925524585609778,0.6970406189555126,False
NLD_246,51.9851244,5.9199033000000005,0.11429434206871,0.1442040618955512,36.0,34.0,0.2766065376423743,0.1471566731141199,False
NLD_248,51.6440494,5.9396201999999985,0.5087418186869155,0.5317350096711799,264.0,290.0,0.3635916288545235,0.4558220502901354,False
NLD_249,51.98761349999999,5.9428996000000005,0.7142736642281692,0.7208462282398452,489.0,486.0,0.4454005000463006,0.7004642166344294,False
NLD_25,51.4429623,5.4795265,0.133574849523104,0.1565087040618955,54.0,53.0,0.1478888785998703,0.0963636363636363,False
NLD_250,51.9629903,5.969251799999999,0.6135573293823502,0.6483858800773694,360.0,380.0,0.783956847856283,0.7006769825918762,False
NLD_258,51.10012850000001,5.8788758,0.6231484026298731,0.6150580270793037,369.0,352.0,0.5039914806926568,0.7019922630560929,False
NLD_259,50.9473903,5.786487800000001,0.3417007408093342,0.3592021276595744,90.0,91.0,0.47212575238448,0.3551063829787234,False
NLD_274,51.829347799999994,4.742995399999999,0.4941361514955089,0.4867485493230173,221.0,204.0,0.5771760348180387,0.4803675048355899,False
NLD_276,51.8295924,4.7781059,0.4133210297249746,0.453228239845261,127.0,163.0,0.4417972034447634,0.5899419729206963,False
NLD_279,51.8296622,4.8163071,0.4844902768774887,0.4759758220502902,212.0,197.0,0.4545326419112881,0.4402901353965183,False
NLD_280,51.83035210000002,4.835596399999999,0.6774630613945736,0.6948568665377178,423.0,436.0,0.4758092415964441,0.6975435203094777,False
NLD_282,51.83233080000001,4.8785341,0.0870298083155847,0.0861856866537717,22.0,19.0,0.1899274006852486,0.0406189555125725,False
NLD_285,52.01488379999999,4.7420758,0.7041117788684137,0.7039941972920698,460.0,452.0,0.4194458746180202,0.7175822050290136,False
NLD_288,52.0814373,4.7462415,0.32979718492453,0.3678317214700193,86.0,95.0,0.6685669043429947,0.5318181818181817,False
NLD_291,52.08473620000001,4.8931261,0.1594768034077229,0.1589632495164409,57.0,57.0,0.1486256134827298,0.0193423597678916,False
NLD_300,51.9326957,4.224608299999999,0.5172307435873691,0.5382359767891682,277.0,309.0,0.6329386054264283,0.3792456479690522,False
NLD_303,51.9261681,4.2352056,0.5032094823594777,0.5113539651837524,247.0,241.0,0.5384578201685342,0.7415667311411992,False
NLD_304,51.9163694,4.2536093,0.4960067691452912,0.501980657640232,226.0,218.0,0.5027974812482637,0.412321083172147,False
NLD_307,51.903724299999986,4.315031199999999,0.5034641911288082,0.5201779497098645,249.0,262.0,0.5515290304657839,0.4548549323017408,False
NLD_310,51.833397199999986,4.3198848000000005,0.7022963144735624,0.7159487427466149,455.0,475.0,0.8048476710806556,0.6762088974854933,False
NLD_312,51.8377497,4.3316170000000005,0.4075863783683675,0.4220116054158607,121.0,120.0,0.7024165200481527,0.6932882011605416,False
NLD_315,51.84655470000002,4.3344414,0.5350264746735809,0.5486150870406189,309.0,321.0,0.5631665894990276,0.2415473887814313,False
NLD_318,51.9031818,4.343565900000001,0.5030667747013614,0.5045483558994198,246.0,225.0,0.6127943328085934,0.7206576402321083,False
NLD_32,51.420289,5.5502017,0.7103898509121215,0.6745812379110251,476.0,397.0,0.3551752940087045,0.6801547388781432,False
NLD_326,51.919502,4.547672700000001,0.6700139549958329,0.6767504835589941,408.0,402.0,0.6256560792665988,0.7340232108317215,False
NLD_327,51.95720840000001,4.5493737,0.3587069080470414,0.3578268858800774,99.0,89.0,0.6182879896286693,0.6095551257253384,False
NLD_330,51.9514234,4.551878899999999,0.2222797110843596,0.2682852998065764,65.0,72.0,0.1776031113992036,0.0290135396518375,False
NLD_334,51.85528849999999,4.5526538,0.1756975923696638,0.1699845261121856,59.0,59.0,0.1053658672099268,0.0096711798839458,False
NLD_335,51.96320929999998,4.5531639,0.5785970275025465,0.5875947775628627,341.0,338.0,0.5531873321603852,0.4423984526112186,False
NLD_34,51.3853329,5.5694204,0.358468876747847,0.4659535783365571,98.0,186.0,0.3157196036670062,0.4976982591876209,False
NLD_340,51.94522400000001,4.554605899999999,0.6648167885915364,0.6591489361702128,401.0,387.0,0.6871339938883231,0.6918762088974855,False
NLD_344,51.9410889,4.5564294,0.368333391980739,0.3770512572533849,101.0,98.0,0.5348174831002871,0.3562862669245648,False
NLD_347,51.921514599999995,4.5579023,0.1257835818131308,0.1485077369439071,49.0,40.0,0.3256595981109362,0.1547388781431334,False
NLD_356,51.88035959999999,4.5310527,0.1750027687748865,0.1457727272727272,58.0,35.0,0.282566348735994,0.0560928433268858,False
NLD_358,51.8868946,4.4883271,0.5063765626446893,0.5059090909090909,259.0,228.0,0.5090697286785814,0.4535203094777563,False
NLD_360,51.8938466,4.519816099999999,0.6518141957588666,0.6717359767891684,392.0,395.0,0.7104535605148625,0.671083172147002,False
NLD_362,51.897193499999986,4.4947569000000005,0.4067704509676821,0.4502340425531915,119.0,156.0,0.521328826743217,0.526615087040619,False
NLD_366,51.90358820000001,4.4967671000000005,0.614675969997222,0.5959303675048354,361.0,340.0,0.6043255857023799,0.7229400386847196,False
NLD_367,51.90484529999999,4.5096765,0.4642467358088711,0.4550464216634429,195.0,166.0,0.6744185572738217,0.3555705996131528,False
NLD_37,51.4624418,5.608669600000001,0.6680249837947956,0.687151837524178,403.0,421.0,0.6997353458653579,0.6834622823984526,False
NLD_371,51.9077135,4.4925598,0.2834829428650801,0.3251382978723404,77.0,79.0,0.3484676358922122,0.1267698259187621,False
NLD_378,51.8745947,4.4776683,0.4894748217427541,0.4997882011605417,216.0,214.0,0.5093782757662747,0.4621663442940039,False
NLD_383,51.91316909999998,4.4327107,0.7041619224002222,0.6946605415860736,461.0,435.0,0.780755069913881,0.7125725338491296,False
NLD_384,51.9099682,4.445691899999999,0.3270954532827114,0.3626566731141198,84.0,92.0,0.5632419668487822,0.253384912959381,False
NLD_385,51.9305871,4.4580891000000005,0.736266987684045,0.7382011605415861,504.0,498.0,0.8010541716825632,0.7154158607350097,False
NLD_387,51.9094712,4.4582888,0.546331901101954,0.5313810444874275,321.0,288.0,0.7107017316418186,0.741257253384913,False
NLD_389,51.955893400000015,4.4621931,0.6365483933697564,0.6464961315280464,386.0,379.0,0.4225461616816372,0.7004061895551258,False
NLD_390,51.94869550000001,4.4644824000000005,0.2125816001481619,0.2248994197292069,64.0,64.0,0.3661937216408927,0.1295938104448742,False
NLD_393,51.9255318,4.4686821000000005,0.0506645707935919,0.054201160541586,8.0,7.0,0.1209321233447541,0.0019342359767891,False
NLD_4,51.4227458,4.1625715,0.5141612371515881,0.5362243713733076,273.0,302.0,0.5767778498009075,0.5583752417794972,False
NLD_40,51.4681099,5.6312015,0.428953717936846,0.4259796905222437,144.0,123.0,0.6236027409945365,0.4890715667311412,False
NLD_403,51.9163496,4.473724399999999,0.2620812760440781,0.2491025145067698,73.0,67.0,0.4724080007408093,0.7092263056092843,False
NLD_412,51.91222740000001,4.4661327,0.5837600518566534,0.6067069632495163,342.0,344.0,0.7532949347161775,0.3553384912959381,False
NLD_42,51.47556649999999,5.6616713999999995,0.5231672099268451,0.5430502901353965,285.0,316.0,0.5134403185480136,0.5223791102514507,False
NLD_425,52.00536120000001,4.4457505,0.5232809797203445,0.5247253384912959,286.0,271.0,0.3891251041763126,0.6815280464216635,False
NLD_426,51.9900716,4.454331,0.5103858690619502,0.5291373307543521,268.0,281.0,0.3900450041670525,0.2419729206963249,False
NLD_428,51.9753996,4.4608061,0.4536705250486156,0.4622949709864604,180.0,177.0,0.4391071395499583,0.7038491295938104,False
NLD_431,52.0554333,4.4698897,0.7684857579405502,0.7647079303675047,517.0,513.0,0.7720237058986943,0.6937911025145068,False
NLD_433,52.0627549,4.4705639,0.0571247245115288,0.057595744680851,10.0,9.0,0.2707087693304936,0.0522243713733075,False
NLD_439,52.047556199999995,4.476916,0.0746761551995555,0.0805918762088975,17.0,16.0,0.3176564496712659,0.3071179883945841,False
NLD_445,52.0205662,4.4369745,0.4420619131401055,0.4565531914893617,160.0,168.0,0.3544959718492452,0.7113926499032882,False
NLD_45,51.248742699999994,5.7012032,0.6200756181127882,0.6837272727272727,366.0,413.0,0.645214927308084,0.7105029013539652,False
NLD_452,51.986857400000005,4.1056731,0.7085911195481064,0.7136557059961316,470.0,466.0,0.7936573756829336,0.7176982591876209,False
NLD_454,51.97666799999999,4.127506100000001,0.4166033151217705,0.4183558994197293,131.0,114.0,0.6599648115566257,0.612147001934236,False
NLD_456,52.054005499999995,4.3083288,0.4296934530975089,0.435674081237911,148.0,134.0,0.613540883415131,0.3096131528046421,False
NLD_46,51.4706226,5.70137,0.5042112510417632,0.5190560928433268,252.0,257.0,0.5301392721548291,0.3966344294003868,False
NLD_460,52.0754813,4.3091195,0.7414911288082229,0.7450203094777563,507.0,501.0,0.8032875266228355,0.6802127659574468,False
NLD_465,52.03739770000001,4.321949099999999,0.7175833595703306,0.7246963249516443,494.0,493.0,0.7994806926567275,0.7057833655705996,False
NLD_469,52.070137200000005,4.3222758,0.2663692841929808,0.2955676982591876,74.0,74.0,0.467158625798685,0.3059767891682785,False
NLD_479,52.007230699999994,4.3564642000000005,0.0411503472543754,0.0419226305609284,5.0,5.0,0.2082024261505695,0.09284332688588,False
NLD_48,51.4562278,5.787898399999999,0.4637823502176127,0.443972920696325,194.0,149.0,0.5313801277896102,0.5681237911025145,False
NLD_483,52.0666421,4.3592423,0.4660806741364941,0.4643500967117988,198.0,181.0,0.6276734882859525,0.7369439071566731,False
NLD_484,51.99106389999999,4.3645046999999995,0.7093259375868135,0.710207930367505,472.0,459.0,0.4741374201314936,0.7054738878143134,False
NLD_488,52.0906809,4.369142,0.3637383646633948,0.4001073500967117,100.0,103.0,0.2140983424391147,0.0502901353965183,False
NLD_492,52.0775688,4.382029,0.4106209834243912,0.4138820116054159,126.0,110.0,0.55622279840726,0.4644294003868472,False
NLD_494,52.0558168,4.390848,0.5772445967219186,0.6140145067698259,339.0,351.0,0.3783809612001111,0.0483558994197292,False
NLD_495,52.06987969999997,4.392994,0.6644757570145383,0.6880435203094778,400.0,427.0,0.5955505139364756,0.5085106382978724,False
NLD_496,52.06487430000001,4.4002639000000014,0.1776816464487452,0.1832969052224371,60.0,60.0,0.3701424205944995,0.6930174081237912,False
NLD_497,52.0474147,4.4147577,0.6529037688674878,0.6606286266924565,394.0,388.0,0.3497834984720808,0.0309477756286266,False
NLD_498,52.0823292,4.3653147,0.5766181683489211,0.5752050290135398,338.0,335.0,0.5948748958236874,0.7233462282398453,False
NLD_519,52.0173047,4.705265300000001,0.1016990369478655,0.1232862669245647,30.0,27.0,0.2282565052319659,0.1373307543520309,False
NLD_522,52.0272134,4.649035899999999,0.6926669321233447,0.6967649903288201,438.0,440.0,0.796850819520326,0.7059381044487428,False
NLD_524,52.04405830000002,4.6499035000000015,0.421406778405408,0.4331121856866536,136.0,130.0,0.6561218631354756,0.5021663442940039,False
NLD_527,52.0552029,4.6484442,0.5573267709973144,0.5464477756286268,328.0,319.0,0.6202177979442541,0.4933849129593811,False
NLD_529,52.067341000000006,4.6462703,0.4607896657097879,0.4878278529980656,189.0,206.0,0.5363357718307251,0.7015087040618956,False
NLD_531,52.07706389999999,4.6466297,0.5604826835818133,0.5589487427466151,331.0,330.0,0.5526376516344106,0.1528046421663443,False
NLD_532,52.12472890000001,4.657095500000001,0.5439809982405779,0.5533375241779497,320.0,323.0,0.4922715066209834,0.4620116054158608,False
NLD_535,52.2587132,4.6451912,0.4542408093341976,0.487674081237911,181.0,205.0,0.2215868135938513,0.5057446808510638,False
NLD_544,52.0340078,5.168134500000001,0.4815648485970923,0.4854013539651838,209.0,201.0,0.458556903416983,0.7070986460348162,False
NLD_545,52.17807929999999,5.1793156,0.4083533104917121,0.4010183752417795,123.0,104.0,0.6770141679785164,0.5804642166344295,False
NLD_546,52.2172896,5.18742,0.6734962496527455,0.6861566731141198,410.0,417.0,0.793349384202241,0.7045454545454546,False
NLD_547,52.0632104,5.1957958,0.4429298916566349,0.437134429400387,161.0,138.0,0.5270289841652005,0.3607736943907157,False
NLD_549,52.1302537,5.204637,0.4995026391332532,0.5117833655705997,235.0,242.0,0.4966093156773775,0.3948355899419729,False
NLD_55,51.9684865,6.7142993,0.5037199740716733,0.5101914893617021,250.0,237.0,0.5376277433095656,0.5428239845261121,False
NLD_551,52.1401268,5.2420381,0.4642793036392258,0.4614622823984525,196.0,175.0,0.4688197055282896,0.470174081237911,False
NLD_553,52.065317699999994,5.2601996,0.6768394573571628,0.6919429400386846,420.0,431.0,0.5514227243263266,0.6965377176015474,False
NLD_557,52.208087500000005,5.2817232,0.5716366700620428,0.6018181818181818,335.0,342.0,0.4532086304287434,0.6917601547388781,False
NLD_559,52.18385660000002,5.299911099999999,0.4786877210852858,0.4722940038684718,206.0,195.0,0.722395036577461,0.5678143133462282,False
NLD_56,51.50977330000001,5.3890772,0.711587619224002,0.7175435203094777,483.0,480.0,0.3989489767571071,0.6778916827852999,False
NLD_560,52.1652242,5.3028427,0.5162111862209465,0.5345899419729208,274.0,295.0,0.6205330123159551,0.7369052224371374,False
NLD_561,52.1732857,5.3100414,0.5010298546161681,0.5168085106382979,241.0,251.0,0.6647352532641911,0.380889748549323,False
NLD_563,52.376736,5.244704499999998,0.4998951384387443,0.5203094777562862,236.0,263.0,0.5198381331604778,0.6912379110251451,False
NLD_564,52.265895100000016,5.1628737000000005,0.3995414945828317,0.3979100580270794,110.0,102.0,0.3154419853690157,0.7077369439071566,False
NLD_565,52.375273500000006,5.2193265,0.5169171960366701,0.5240164410058027,276.0,268.0,0.5583852208537827,0.0754352030947775,False
NLD_567,52.01692610000001,5.179332,0.4453967774793962,0.4622504835589942,162.0,176.0,0.4828691545513474,0.3615667311411992,False
NLD_570,52.22653420000001,5.1812974,0.1859988702657654,0.2012901353965184,63.0,62.0,0.220946569126771,0.1141199226305609,False
NLD_575,52.2809532,5.1571948,0.55350287063617,0.5752901353965184,326.0,336.0,0.3278857301602,0.2411798839458414,False
NLD_576,52.3942063,5.278021999999999,0.4994144828224837,0.5020396518375241,234.0,219.0,0.5308735994073526,0.4020502901353965,False
NLD_578,52.6950408,5.2360674000000005,0.557573386424669,0.5565106382978724,329.0,327.0,0.5290237984998611,0.2412185686653771,False
NLD_58,51.5842378,5.318901999999999,0.1217351884433743,0.1481605415860734,44.0,39.0,0.2622989165663487,0.1203675048355899,False
NLD_582,52.699560000000005,5.287993,0.7183080007408094,0.7186025145067698,496.0,482.0,0.8150471339938884,0.6940425531914893,False
NLD_584,52.403167499999995,5.3003838000000005,0.505346939531438,0.5198027079303674,257.0,260.0,0.4770367626632095,0.6531914893617021,False
NLD_585,52.2378723,5.1740114,0.6754418372071487,0.6876092843326885,416.0,425.0,0.3641970552828966,0.7179883945841392,False
NLD_59,51.75845499999998,5.506932,0.5085943605889434,0.53094584139265,263.0,286.0,0.6039086952495601,0.44,False
NLD_595,52.066780400000006,4.478658899999999,0.738848810075007,0.7461595744680851,506.0,504.0,0.8098346143161403,0.6937717601547388,False
NLD_598,52.06052450000001,4.4834504,0.4802905639411056,0.5218036750483559,208.0,266.0,0.5162516899712936,0.5877949709864603,False
NLD_60,51.7652868,5.531271,0.5100079081396425,0.5102495164410059,266.0,238.0,0.559734049449023,0.5241586073500968,False
NLD_601,52.050836700000005,4.487018699999999,0.6946001481618669,0.7030773694390715,440.0,448.0,0.6880750069450875,0.4554158607350096,False
NLD_603,52.04652419999999,4.4919348999999995,0.7588562922492823,0.7668588007736944,515.0,515.0,0.6443626261690898,0.7034235976789168,False
NLD_604,52.061088,4.493116199999999,0.4557138809148996,0.4601199226305609,182.0,172.0,0.639666265394944,0.434100580270793,False
NLD_607,52.0719618,4.4949107999999995,0.3362048615612557,0.3418500967117988,87.0,85.0,0.6034182794703213,0.3606382978723404,False
NLD_608,52.05968520000001,4.5064191000000005,0.676007148810075,0.686592843326886,417.0,418.0,0.694175942216872,0.6913733075435203,False
NLD_610,52.069000200000005,4.5095848,0.7164387628484119,0.7212137330754352,493.0,487.0,0.8017288637836837,0.6946228239845261,False
NLD_613,52.0630637,4.5153024,0.1238666913603111,0.1515851063829787,47.0,45.0,0.3364072599314752,0.1083172147001934,False
NLD_616,52.0410702,4.5185034,0.0966703213260487,0.1168694390715667,24.0,26.0,0.311587739605519,0.0715667311411992,False
NLD_62,51.7946535,5.6371607,0.4987367719233261,0.5096895551257253,233.0,236.0,0.5084643022502083,0.4713733075435203,False
NLD_620,52.047064299999995,4.5289842,0.6783322066858044,0.6837620889748549,425.0,414.0,0.7069730530604686,0.6812379110251451,False
NLD_622,52.0652612,4.5345746,0.6743072877118252,0.6778336557059963,413.0,404.0,0.7246983979998147,0.6705029013539652,False
NLD_625,52.0603279,4.542624299999999,0.4417067598851746,0.4607833655705996,157.0,173.0,0.6290473191962219,0.4944680851063829,False
NLD_628,52.0544133,4.4921609,0.4495548013704973,0.4463771760154739,171.0,151.0,0.6668676729326789,0.4211025145067698,False
NLD_642,52.053734800000015,4.5378609,0.4464776275581072,0.4520870406189557,164.0,161.0,0.6157477544217058,0.5161702127659574,False
NLD_644,52.0446801,6.1025749,0.1379936197796092,0.1584129593810445,55.0,55.0,0.2413501250115751,0.0967117988394584,False
NLD_647,52.0907483,6.1470590000000005,0.652458598018335,0.6755058027079304,393.0,400.0,0.5862150199092508,0.695357833655706,False
NLD_65,51.8736724,5.391889399999999,0.6125676173719787,0.6496218568665376,359.0,382.0,0.7061339012871561,0.6988974854932302,False
NLD_650,52.102734700000006,6.0661423,0.6697796092230762,0.6695444874274663,407.0,392.0,0.7763179924067043,0.6923597678916827,False
NLD_652,52.1072553,6.3176125,0.6996838503565146,0.7031112185686653,449.0,449.0,0.7244248541531624,0.7224371373307543,False
NLD_655,52.1293679,6.029357299999999,0.4483410686174646,0.4624052224371374,169.0,178.0,0.6440546346883972,0.4921856866537717,False
NLD_657,52.14455809999999,6.193491600000001,0.0768984072599315,0.0951760154738878,19.0,20.0,0.1558573942031669,0.0367504835589942,False
NLD_66,51.889856900000005,5.4230931,0.4676651819612927,0.4540589941972922,200.0,165.0,0.6216568200759329,0.5040425531914893,False
NLD_662,52.1482881,6.003990999999998,0.4418479674043892,0.4509177949709865,159.0,158.0,0.6355258820261136,0.4904061895551257,False
NLD_663,52.15981880000001,5.9870954,0.6916504491156588,0.6900290135396517,437.0,430.0,0.716530234280952,0.6907736943907157,False
NLD_665,52.16674920000002,6.4263732000000005,0.6770677470136125,0.6943655705996131,422.0,433.0,0.7410765811649227,0.7201934235976789,False
NLD_667,52.17803690000001,6.0842046000000005,0.4337293082692842,0.4519574468085105,151.0,160.0,0.6243170663950366,0.467678916827853,False
NLD_668,52.205221400000006,6.0006634000000005,0.6963907584035561,0.6956247582205028,444.0,438.0,0.7188230391702936,0.7049516441005802,False
NLD_669,52.20898619999999,5.969785900000001,0.0697798314658764,0.0783288201160541,15.0,13.0,0.3261652004815261,0.1334622823984526,False
NLD_67,51.92238899999999,5.6725409,0.4173776645985739,0.4344197292069632,132.0,133.0,0.6716499675895916,0.5514313346228239,False
NLD_671,52.21571480000001,6.0061201,0.6232283266969165,0.6269448742746615,370.0,362.0,0.7204131864061487,0.6803675048355899,False
NLD_675,52.157522400000005,6.143919199999999,0.4645180572275211,0.4650986460348162,197.0,183.0,0.6955175479211039,0.5513926499032882,False
NLD_678,52.171309400000005,4.990516700000001,0.337984350402815,0.3666528046421663,88.0,94.0,0.3589082322437262,0.4902707930367505,False
NLD_68,51.9260391,5.6374111000000005,0.5409307065469026,0.5248791102514506,316.0,272.0,0.5383133623483656,0.4383558994197292,False
NLD_681,52.1028975,5.007594699999999,0.694344846745069,0.7145299806576403,439.0,469.0,0.811167330308362,0.6876015473887814,False
NLD_684,52.135890200000006,5.032962899999999,0.4950987961848319,0.4854110251450677,223.0,202.0,0.7133903139179554,0.4919729206963249,False
NLD_685,52.1002155,5.0435520999999985,0.3466571163996667,0.3458974854932302,91.0,86.0,0.5920066672840079,0.3578336557059961,False
NLD_688,52.09896820000001,5.0652431,0.7276916936753403,0.7334264990328819,500.0,496.0,0.7878909158255394,0.7370406189555126,False
NLD_69,51.93147340000001,5.5834334,0.5008405130104641,0.5353984526112187,239.0,297.0,0.6003272525233818,0.4912185686653772,False
NLD_690,52.1031909,5.0892854000000005,0.6711884989350867,0.682492263056093,409.0,409.0,0.7734801370497268,0.713384912959381,False
NLD_693,52.08943400000001,5.1087144,0.0680526345031947,0.0774835589941972,14.0,12.0,0.1166774701361237,0.0058027079303675,False
NLD_703,52.07850509999999,5.121708599999999,0.6688283266969165,0.6788762088974855,405.0,405.0,0.6345183813316048,0.6803868471953578,False
NLD_707,52.109989799999994,5.125541200000001,0.4618041763126215,0.5031054158607351,192.0,223.0,0.51542290952866,0.3869825918762088,False
NLD_708,52.067224200000005,5.142401,0.5272316603389202,0.5252533849129593,294.0,274.0,0.4215453282711362,0.194448742746615,False
NLD_724,52.0879425,5.131165600000001,0.6457539586998797,0.6430764023210833,391.0,376.0,0.8067682192795629,0.7032495164410058,False
NLD_726,52.12614999999999,4.433836599999999,0.5638287989628671,0.5618897485493229,333.0,333.0,0.3914623576257061,0.7041972920696324,False
NLD_73,52.0200045,5.549098000000001,0.3292525882026113,0.3359110251450677,85.0,82.0,0.6130410223168812,0.3559767891682785,False
NLD_731,52.1467153,4.492878899999999,0.4964631539957403,0.5019419729206963,229.0,217.0,0.6247869247152514,0.4782978723404255,False
NLD_732,52.1471157,4.456479999999999,0.5021707102509492,0.5109835589941973,244.0,240.0,0.3791641818686915,0.5191682785299807,False
NLD_735,52.16597280000001,4.482017,0.0998468561903879,0.147696324951644,27.0,37.0,0.1982172423372534,0.0174081237911025,False
NLD_74,52.0270322,5.675520700000001,0.1234942772478933,0.1561344294003868,46.0,52.0,0.2545419020279655,0.0154738878143133,False
NLD_740,52.2152104,4.516935800000001,0.5330006667284009,0.5360628626692457,305.0,301.0,0.5267089545328272,0.4799226305609284,False
NLD_741,52.2253531,4.4840277,0.5043872765996851,0.5188007736943907,254.0,256.0,0.3907963700342624,0.4450096711798839,False
NLD_758,52.1395977,5.5905582,0.5371394017964625,0.531193423597679,313.0,287.0,0.6081151958514678,0.6888394584139265,False
NLD_760,52.1532247,5.3704169,0.0647015279192518,0.079563829787234,13.0,15.0,0.2287508102602092,0.0735009671179884,False
NLD_766,52.1611297,5.598359599999999,0.4224580794518011,0.4652901353965182,137.0,184.0,0.1405391239929623,0.0425531914893617,False
NLD_767,52.1664146,5.4579504,0.5464979442540976,0.5393365570599612,322.0,312.0,0.3147259931475137,0.727872340425532,False
NLD_77,52.043282700000006,5.668063200000001,0.6766317899805537,0.6801431334622823,419.0,407.0,0.5853979072136309,0.7152224371373307,False
NLD_771,52.17486040000001,5.403859300000001,0.4761028335957034,0.4984874274661508,205.0,211.0,0.6029734234651356,0.3919729206963249,False
NLD_774,52.1925513,5.4336126,0.5174368367441429,0.5130531914893616,279.0,246.0,0.5660235206963607,0.6725338491295938,False
NLD_776,52.2220274,5.4935229,0.4987279562922493,0.5176769825918761,232.0,252.0,0.5452360403741088,0.2981818181818181,False
NLD_777,52.26549789999998,5.5758773,0.505037670154644,0.508995164410058,256.0,235.0,0.5328543383646634,0.5981818181818181,False
NLD_778,52.3011045,5.6144134,0.5007146865450505,0.519742746615087,238.0,259.0,0.5007334012408556,0.4605029013539652,False
NLD_78,52.045437500000006,5.5759308,0.7427807852578943,0.7477050290135396,508.0,505.0,0.643070654690249,0.7354545454545455,False
NLD_780,52.33752049999999,5.620270499999999,0.5084154921752014,0.5148539651837524,262.0,248.0,0.5098410963978146,0.5958220502901355,False
NLD_785,52.128078299999984,5.6030939,0.5040161126030187,0.5215744680851064,251.0,265.0,0.4928556347809982,0.5029400386847195,False
NLD_789,52.5076375,5.472498199999999,0.5012115658857301,0.5103916827852999,242.0,239.0,0.4880942679877766,0.3027466150870406,False
NLD_792,52.370907300000006,5.784461700000001,0.494553032688212,0.5118839458413927,222.0,243.0,0.5260492638207241,0.4028820116054158,False
NLD_793,52.53430099999999,5.721097,0.5024037503472544,0.517904255319149,245.0,253.0,0.4500253727196963,0.5558607350096711,False
NLD_794,52.53296669999999,5.9132266000000016,0.5009718492453004,0.513242746615087,240.0,247.0,0.4443874432817853,0.4752804642166344,False
NLD_8,51.4650718,4.037728499999999,0.5347734327252524,0.5335009671179884,308.0,293.0,0.6217242337253449,0.4830560928433269,False
NLD_81,52.06409660000001,5.3706605000000005,0.1256620890823223,0.1550077369439071,48.0,51.0,0.3400038892490045,0.1353965183752417,False
NLD_813,51.99504760000001,5.980949300000001,0.3472384294842115,0.3590599613152805,92.0,90.0,0.4256501527919252,0.3557253384912959,False
NLD_816,52.00989439999999,6.030275100000001,0.710926928419298,0.7148665377176016,480.0,471.0,0.4813077136771923,0.6912959381044487,False
NLD_823,52.0807573,6.449920799999998,0.4198922307621076,0.4264990328820115,135.0,124.0,0.6138353551254746,0.555705996131528,False
NLD_824,51.9372258,6.458489,0.4972658672099269,0.5201702127659574,230.0,261.0,0.4680375960737105,0.1315280464216634,False
NLD_831,52.3095969,4.762072099999998,0.4831595981109363,0.5196750483558994,211.0,258.0,0.2769978701731642,0.034816247582205,False
NLD_836,52.3369026,4.8897882,0.0554630521344568,0.0589371373307543,9.0,10.0,0.2724570793591999,0.1237911025145067,False
NLD_84,52.02808229999999,5.531551499999999,0.7095744328178537,0.7155299806576403,473.0,473.0,0.7676855264376331,0.7086847195357834,False
NLD_842,52.3383393,4.857592400000001,0.0819896471895546,0.0860947775628626,21.0,18.0,0.3035525511621446,0.2011218568665377,False
NLD_845,52.338780400000005,4.873127799999999,0.7080792388184092,0.7398104448742746,467.0,499.0,0.6010230576905269,0.7402321083172146,False
NLD_852,52.3411785,4.891560500000001,0.7656213260487081,0.7690851063829788,516.0,516.0,0.7992278914714325,0.7021856866537717,False
NLD_855,52.346385000000005,4.834395,0.4815886841374202,0.4653723404255319,210.0,185.0,0.748134827298824,0.7113926499032882,False
NLD_858,52.352471300000005,4.834302600000001,0.59903701268636,0.644296905222437,346.0,377.0,0.5786593203074358,0.1478916827852998,False
NLD_859,52.3539577,4.890648700000001,0.0573652190017594,0.0575764023210831,11.0,8.0,0.4201235299564774,0.2011411992263056,False
NLD_860,52.35456010000001,4.9118953,0.7039593203074359,0.6995203094777563,459.0,442.0,0.7621501990925086,0.680174081237911,False
NLD_861,52.36068659999999,4.8910469,0.494105454208723,0.505784332688588,220.0,227.0,0.6348260024076303,0.7129593810444875,False
NLD_863,52.3626163,4.8747145000000005,0.0993391517733123,0.1134574468085106,26.0,25.0,0.3901016760811186,0.1190909090909091,False
NLD_872,52.29286640000001,4.6987152000000005,0.5354105380127789,0.5263791102514508,311.0,276.0,0.3910430595425502,0.6941005802707931,False
NLD_874,52.3031143,4.566194499999999,0.4852747476618205,0.4892698259187621,213.0,207.0,0.4175986665431985,0.5539651837524178,False
NLD_878,52.3595052,4.6067862,0.5739455968145197,0.5954352030947775,337.0,339.0,0.4029263820724141,0.7153578336557059,False
NLD_880,52.382859100000005,4.6712477,0.5397329011945551,0.5546431334622823,314.0,325.0,0.7003685526437633,0.7029206963249517,False
NLD_882,52.3879011,4.637895,0.246203759607371,0.250747582205029,70.0,68.0,0.4157855356977498,0.1411992263056093,False
NLD_886,52.391032800000005,4.6067926,0.5119545513473469,0.5212649903288201,272.0,264.0,0.7242726178349848,0.7124758220502901,False
NLD_889,52.4043228,4.6277708,0.2290901935364385,0.2464129593810445,66.0,66.0,0.4099398092415964,0.1121856866537717,False
NLD_891,52.419358900000006,4.6315417000000005,0.6258857949810168,0.6511382978723403,374.0,384.0,0.4858157236781183,0.7106963249516441,False
NLD_892,52.43410160000001,4.6326711000000005,0.4477815445874618,0.4521557059961315,166.0,162.0,0.5438592462265025,0.7047582205029014,False
NLD_893,52.4427092,4.6387782,0.5404219742568757,0.5475067698259188,315.0,320.0,0.5186406148717474,0.2406576402321083,False
NLD_894,52.478441100000005,4.6567712,0.4279508936012594,0.4342030947775629,143.0,132.0,0.4858701731641819,0.7177949709864604,False
NLD_898,52.494622199999995,4.686146099999999,0.68528865635707,0.6871634429400386,434.0,422.0,0.5046228354477267,0.7149709864603482,False
NLD_901,52.5214311,4.702590000000001,0.1171343828132234,0.1509613152804642,37.0,44.0,0.2502966941383461,0.0541586073500967,False
NLD_902,52.54521140000001,4.6591055,0.6769370126863599,0.6768752417794972,421.0,403.0,0.6654856931197334,0.731257253384913,False
NLD_903,52.599937800000006,4.700938999999999,0.4399694323548477,0.45181334622824,154.0,159.0,0.5561346420964904,0.5003675048355899,False
NLD_907,52.3756476,4.5314668000000005,0.6737257153440134,0.6742901353965185,412.0,396.0,0.8065669043429947,0.7009090909090909,False
NLD_923,51.9140336,4.4819906,0.6629717566441338,0.6571856866537719,399.0,386.0,0.7485163441059357,0.7042166344294004,False
NLD_925,51.917866800000006,4.480388400000001,0.2600638207241411,0.2718181818181818,72.0,73.0,0.4338970275025465,0.058027079303675,False
NLD_929,51.9197652,4.488860300000001,0.4917354199462912,0.5153568665377175,218.0,249.0,0.5218290582461339,0.7088007736943907,False
NLD_934,51.92141030000001,4.5338512,0.4569576720066673,0.4768046421663443,186.0,198.0,0.5426035744050375,0.7183752417794971,False
NLD_939,51.9232371,4.4785118,0.5320666821001945,0.5541943907156672,302.0,324.0,0.396740624131864,0.6877562862669245,False
NLD_940,51.92335160000001,4.4970223,0.2930566348735994,0.299090909090909,79.0,75.0,0.4100314843967034,0.1741392649903288,False
NLD_943,51.9249857,4.5130469,0.4461027317344198,0.4557001934235977,163.0,167.0,0.4495549587924808,0.0889748549323017,False
NLD_945,51.92588799999998,4.5058468,0.6080795814427262,0.6287775628626694,350.0,364.0,0.5909799055468099,0.7161508704061895,False
NLD_948,51.9422401,4.4815868000000005,0.0768796925641262,0.0787001934235976,18.0,14.0,0.2612871562181684,0.3561702127659574,False
NLD_952,51.9603316,4.5356539,0.6837364292990091,0.6816092843326886,431.0,408.0,0.8119825909806464,0.7038878143133462,False
NLD_953,51.96149069999999,4.5428775,0.4800654875451431,0.5068394584139265,207.0,230.0,0.6525867209926844,0.3988007736943907,False
NLD_96,51.95790679999999,5.5783078999999995,0.7507706269098992,0.7482794970986457,511.0,506.0,0.8108573016020002,0.7002321083172147,False
NLD_965,51.910138800000006,4.3615059,0.5242073432725253,0.5455029013539652,288.0,318.0,0.6038538753588295,0.3350870406189555,False
NLD_968,51.85494619999999,4.3625084,0.4523549310121306,0.4573123791102514,177.0,170.0,0.7039585146772849,0.695531914893617,False
NLD_970,51.860616799999995,4.366781099999999,0.628228993425317,0.6509245647969053,377.0,383.0,0.6274875451430688,0.6846034816247583,False
NLD_972,51.909162300000006,4.3719035,0.5492883044726364,0.5425899419729208,323.0,315.0,0.6915127326604316,0.4790715667311412,False
NLD_975,51.86261260000001,4.376786299999999,0.2291088248911936,0.2246392649903288,67.0,63.0,0.3432725252338179,0.0870406189555125,False
NLD_977,51.88490650000001,4.3817128,0.4411459301787203,0.4988636363636364,156.0,212.0,0.5247484026298732,0.6942166344294004,False
NLD_979,51.92267479999999,4.383188700000001,0.4240598018335031,0.4286460348162474,140.0,126.0,0.5625165293082693,0.5916247582205029,False
NLD_982,51.9155498,4.3846339,0.4058259375868136,0.4194506769825919,117.0,116.0,0.5801620520418557,0.5222823984526112,False
NLD_983,51.921201999999994,4.3940136,0.7021715158811,0.7010996131528047,454.0,444.0,0.7387234003148441,0.7024177949709864,False
NLD_986,51.8617402,4.3958008,0.5776084730067599,0.5861421663442941,340.0,337.0,0.6439051764052228,0.689825918762089,False
NLD_987,51.92177370000001,4.4086615,0.0792082785443096,0.1117040618955512,20.0,23.0,0.1712530789887952,0.0270793036750483,False
NLD_996,51.8591157,4.4194958,0.6297941568663765,0.625418762088975,380.0,361.0,0.8107521066765441,0.7100386847195357,False
