node,original_id,lat,lon,degree,betweenness,community_id,adap_degree_frac,betweenness_frac,random_frac,seamless_mavg,adap_betweenness_frac,regression_residual
1,1G4,35.98611111,-113.81691666,2,0.0,3,0.7192622950819673,0.9200819672131147,0.4825614754098361,0.7387182377049178,0.7956967213114755,0.009448416707989127
2,ABE,40.65236277,-75.44040583,93,0.0019372127503697,1,0.2664344262295082,0.2479508196721311,0.4916803278688524,0.258608606557377,0.3135245901639344,-0.06068986831014661
3,ABI,32.41133333,-99.68188888,56,0.0008113878179915,2,0.238811475409836,0.3360655737704918,0.4934426229508197,0.2520122950819672,0.2643442622950819,-0.2457703237446755
4,ABQ,35.03893155,-106.60826216,105,0.0054845268565508,3,0.2057377049180328,0.1168032786885246,0.5111475409836066,0.2016659836065573,0.1536885245901639,-0.04388602404930886
5,ABR,45.44679805,-98.42244083,7,3.0327792508332094e-05,4,0.5703893442622952,0.7008196721311476,0.5091803278688525,0.5702090163934427,0.5824180327868853,-0.12372738447701159
6,ABY,31.53553,-84.19448333,27,2.5347848775188893e-05,1,0.8117008196721313,0.7254098360655739,0.5252868852459016,0.7989774590163934,0.8092008196721312,0.15685974031405114
7,ACK,41.25329916,-70.06051138,57,0.0015635753480928,1,0.2623360655737705,0.2766393442622951,0.4690983606557377,0.2806803278688524,0.2827868852459017,-0.2200734140932566
8,ACT,31.61219444,-97.23030555,84,0.0015173372647673,2,0.1969877049180327,0.2807377049180328,0.4552049180327869,0.1986321721311475,0.2315573770491803,-0.16135276974878335
9,ACV,40.97782638,-124.10846916,24,0.0001898033234568,3,0.5044262295081967,0.5184426229508197,0.5266598360655738,0.5286659836065575,0.6029303278688525,-0.08940519951091674
10,ACY,39.45757583,-74.57715527,114,0.0028637815473519,1,0.1678893442622951,0.1926229508196721,0.5046516393442624,0.1767858606557377,0.2868852459016394,-0.042352164011252025
11,ADK,51.88358277,-176.64248222,3,0.0,0,0.8081557377049181,0.9221311475409836,0.4959221311475409,0.795797131147541,0.7935245901639345,0.12840076539174572
12,ADQ,57.74979388,-152.49394361,10,5.1539540980801574e-05,0,0.4039959016393443,0.6618852459016393,0.5463524590163935,0.4270809426229508,0.5,-0.2048629747626146
13,AEX,31.32737166,-92.54855583,112,0.0032118747934386,2,0.1638934426229508,0.1782786885245901,0.4837295081967213,0.1500891393442622,0.180327868852459,-0.08003409951442289
14,AFW,32.99030666,-97.31942944,121,0.0045139170314812,3,0.1343852459016393,0.1352459016393442,0.4889344262295082,0.1163514344262295,0.1352459016393442,-0.03942906671723692
15,AGS,33.36994444,-81.9645,72,0.0007497505254275,1,0.3083196721311476,0.3442622950819672,0.4976434426229508,0.3084395491803279,0.3954918032786885,-0.10892503196478209
16,AHN,33.94864027,-83.32591416,24,8.061973842289402e-05,2,0.416905737704918,0.6209016393442623,0.4798360655737705,0.5746506147540983,0.4651639344262295,-0.08122541099702663
17,AIA,42.05322222,-102.80375,2,6.100071581317123e-06,4,0.8449180327868853,0.8381147540983607,0.4974180327868853,0.8205850409836064,0.7840573770491803,0.10122442563103351
18,AKN,58.67649347,-156.648691,11,0.0002836312407179,0,0.4023770491803279,0.4651639344262295,0.4870696721311475,0.5009211065573771,0.5061475409836066,-0.12776220554715523
19,ALB,42.74911611,-73.80198,103,0.0017381832169533,1,0.2192622950819672,0.2622950819672131,0.4798360655737705,0.2455297131147541,0.2725409836065574,-0.02093362634662857
20,ALO,42.55844916,-92.40102333,20,9.094808451763348e-05,4,0.5976639344262296,0.6045081967213115,0.5318852459016393,0.5847069672131149,0.5132786885245901,-0.04310743632124148
21,ALS,37.435125,-105.86787527,1,0.0,3,0.8450614754098361,0.9241803278688524,0.5152459016393443,0.8136536885245901,0.8103688524590164,0.07926012661798576
22,ALW,46.09254166,-118.2840825,6,2.913847155313007e-07,3,0.799016393442623,0.903688524590164,0.476516393442623,0.8055522540983608,0.8187704918032788,0.09677505762483685
23,AMA,35.21936111,-101.70591666,84,0.0023184007712815,3,0.2783811475409836,0.2233606557377049,0.5398770491803279,0.2775071721311476,0.25,-0.05022705134237726
24,ANC,61.17408472,-149.9981375,87,0.0538997030640455,0,0.2040368852459016,0.0040983606557377,0.5245901639344263,0.1868288934426229,0.0040983606557377,-0.4828576329108468
25,AOO,40.29636111,-78.32002777,13,6.217756962916553e-05,1,0.782110655737705,0.6454918032786886,0.5159836065573771,0.7593155737704917,0.8084631147540984,0.04516982865273078
26,APF,26.1524408,-81.77563919,32,0.0007853751431788,1,0.3531147540983607,0.3401639344262295,0.4642622950819672,0.3311475409836065,0.2213114754098361,-0.2914526561620296
27,APN,45.07808333,-83.56030555,3,2.2237254606336105e-07,4,0.8134426229508197,0.9077868852459016,0.5584426229508197,0.8208073770491804,0.8107581967213114,0.10661768632935198
28,ARA,30.03775833,-91.88389611,7,4.813162247425207e-07,2,0.8309221311475411,0.9016393442622952,0.4938524590163934,0.8252643442622951,0.800389344262295,0.08292804096710282
29,ART,43.99183333,-76.01941666,3,0.0,1,0.8254508196721312,0.9262295081967212,0.4786475409836066,0.8224364754098362,0.7980327868852459,0.057552456861997836
30,ASE,39.22187833,-106.86823333,52,0.000822457521669,3,0.3681762295081967,0.3319672131147541,0.5038934426229509,0.378797131147541,0.3627049180327869,-0.10088799125437586
31,ATL,33.63669961,-84.427864,220,0.0163694097930087,2,0.0081967213114754,0.0286885245901639,0.5248155737704918,0.0085051229508196,0.0471311475409836,0.2261226841411002
32,ATW,44.25809305,-88.51907222,60,0.0008652355107739,4,0.414405737704918,0.3237704918032787,0.4967213114754099,0.4027459016393442,0.2377049180327869,-0.026334522906780566
33,ATY,44.91397222,-97.15472222,3,0.0,4,0.8437704918032787,0.9282786885245902,0.5151434426229509,0.8235584016393442,0.8194057377049181,0.10937049603382132
34,AUS,30.19452722,-97.66987611,176,0.0080581784582166,2,0.0460245901639344,0.0819672131147541,0.511577868852459,0.0543043032786885,0.0922131147540983,0.11319637260300108
35,AVL,35.43611305,-82.5420475,79,0.0006523917499239,1,0.3445081967213115,0.360655737704918,0.5236475409836066,0.3439938524590164,0.444672131147541,-0.0367229865642939
36,AVP,41.33847222,-75.72338888,46,0.0002725862416982,1,0.4250819672131147,0.4754098360655738,0.5053278688524591,0.3943586065573771,0.389344262295082,-0.15239276184251405
37,AZO,42.23438888,-85.55155555,18,2.475449595590232e-05,4,0.6913934426229508,0.7295081967213115,0.5167827868852459,0.7418084016393443,0.8079918032786886,0.1042778908818709
38,BAF,42.15794444,-72.71586111,19,6.333160624595777e-05,1,0.823360655737705,0.6434426229508197,0.5293852459016393,0.720970286885246,0.7895491803278689,0.03755772309959127
39,BDL,41.93903222,-72.68431583,132,0.0026608561220758,1,0.1318647540983606,0.2028688524590164,0.515594262295082,0.1698821721311475,0.2192622950819672,0.044600484747084196
40,BDR,41.16348083,-73.12617583,15,3.527763837656486e-05,1,0.7919467213114755,0.6885245901639344,0.4728483606557377,0.7521178278688525,0.7906352459016394,0.048435506029708475
41,BED,42.46994444,-71.289,104,0.0049509998389278,1,0.1800819672131147,0.1270491803278688,0.482172131147541,0.1764754098360656,0.2008196721311475,-0.11065534420924902
42,BET,60.77855555,-161.83716666,9,2.7181337547144833e-05,0,0.6464959016393443,0.7192622950819673,0.5120491803278688,0.7090963114754099,0.8041598360655738,0.0722241907057175
43,BFD,41.80295433,-78.63996597,8,3.168141818783992e-05,1,0.8297131147540984,0.6987704918032788,0.5052459016393442,0.8271946721311476,0.8029918032786886,0.08767503288412903
44,BFF,41.87402777,-103.59563888,35,0.000693268636576,3,0.3182991803278689,0.3524590163934426,0.5226639344262295,0.3478176229508197,0.3299180327868852,-0.21793402028122627
45,BFI,47.52997222,-122.30194444,112,0.0084690984542117,3,0.1603483606557377,0.0737704918032786,0.4834426229508197,0.1493053278688525,0.0389344262295082,-0.08433939279455385
46,BFL,35.43386111,-119.05766666,33,0.0001249489496221,3,0.7238319672131148,0.5717213114754098,0.4700819672131148,0.7299344262295082,0.8058606557377049,0.15849753523655508
47,BFM,30.62678055,-88.06809083,34,0.0001582009283805,2,0.6727459016393443,0.5491803278688525,0.5099180327868853,0.7036157786885247,0.8060655737704919,0.09835437251050383
48,BGM,42.20844444,-75.97961111,11,5.972672034141289e-07,1,0.8248360655737705,0.8975409836065574,0.5239139344262295,0.8307438524590165,0.8114959016393443,0.10684496657590181
49,BGR,44.80744444,-68.82813888,58,0.0007628896453092,1,0.4721516393442623,0.3422131147540984,0.5110655737704919,0.4594600409836065,0.485655737704918,-0.02974238828624931
50,BHB,44.44970527,-68.36148972,15,1.9349412938640673e-05,1,0.5508196721311476,0.7520491803278689,0.5235655737704918,0.6284323770491803,0.5834631147540984,-0.07512207962137707
51,BHM,33.56388888,-86.75230555,126,0.0021700958771136,2,0.1749385245901639,0.2315573770491803,0.5138114754098361,0.1907233606557377,0.2622950819672131,0.040695462352436124
52,BIH,37.37311111,-118.36361111,4,0.0,3,0.8299180327868853,0.9303278688524592,0.4593647540983606,0.8185297131147541,0.7921926229508197,0.09950737393717612
53,BIL,45.80784913,-108.54354355,58,0.0021564210949856,3,0.290922131147541,0.2336065573770492,0.5099795081967213,0.3082387295081967,0.2459016393442623,-0.1514124521498496
54,BIS,46.77273388,-100.7457375,36,0.0005957967680903,3,0.3717827868852459,0.375,0.5180737704918033,0.4147110655737706,0.3688524590163934,-0.14513437313110844
55,BJC,39.90880555,-105.11719444,24,6.658652187281043e-05,3,0.7954098360655739,0.6372950819672132,0.5681762295081967,0.815110655737705,0.7984836065573772,0.1980286058522186
56,BJI,47.51072222,-94.93472222,7,1.961115024706257e-05,4,0.7245491803278689,0.75,0.4438114754098361,0.742875,0.8025000000000001,0.04902462787610995
57,BKL,41.51786111,-81.68263888,33,7.692273426914872e-05,1,0.8208196721311476,0.6229508196721312,0.5021516393442623,0.7954303278688525,0.7980327868852459,0.1836410328960143
58,BKW,37.78733333,-81.12416666,7,2.180037539986493e-05,1,0.6778483606557378,0.7377049180327869,0.4648565573770492,0.6933319672131147,0.7770696721311475,-0.05123209204202506
59,BLI,48.79269444,-122.53752777,22,0.0001283331205764,3,0.8090983606557377,0.569672131147541,0.5189139344262295,0.7469918032786885,0.0450819672131147,0.11916659556250553
60,BLV,38.54517305,-89.83518555,15,2.7545496055905135e-05,1,0.8448360655737704,0.7172131147540984,0.4623975409836066,0.8303227459016392,0.788094262295082,0.12670249448491733
61,BMG,39.14602083,-86.61668047,31,0.0001403237038111,4,0.7836475409836067,0.5594262295081968,0.5016393442622952,0.7664456967213115,0.8047540983606558,0.19459607625912523
62,BMI,40.47711111,-88.91591666,63,0.0011762761111618,4,0.2650819672131148,0.3032786885245901,0.534077868852459,0.2621065573770492,0.305327868852459,-0.15409954900489775
63,BNA,36.124475,-86.67818055,203,0.0143907551713756,4,0.0143442622950819,0.040983606557377,0.4689754098360656,0.0269651639344262,0.0491803278688524,0.22200244347767784
64,BOI,43.56436111,-116.22286111,104,0.0030533173123368,3,0.1700819672131147,0.1844262295081967,0.4663934426229508,0.1691618852459015,0.1495901639344262,-0.06199712434253965
65,BOS,42.36294444,-71.00638888,156,0.0114777312726924,1,0.0717213114754098,0.0532786885245901,0.5229508196721312,0.0746618852459016,0.0860655737704918,0.0015717732997095057
66,BPT,29.95083111,-94.02069888,14,3.193754949214753e-05,2,0.8307581967213116,0.6967213114754098,0.5077868852459017,0.8084170081967216,0.7876024590163936,0.10169437371257728
67,BQK,31.25903527,-81.46631638,6,2.751239230344075e-07,1,0.8317008196721312,0.9057377049180328,0.4706967213114754,0.824439549180328,0.7923975409836066,0.07492454478109767
68,BQN,18.49485222,-67.12944166,21,2.795560141932092e-05,1,0.7262704918032787,0.7151639344262295,0.4997131147540984,0.7264036885245903,0.7916598360655738,0.05352259041064389
69,BRD,46.40422222,-94.13380555,5,0.0,4,0.7190573770491803,0.932377049180328,0.5106967213114755,0.7319375000000001,0.79625,0.027997076213828187
70,BRO,25.90613888,-97.426,37,0.0003649415453492,2,0.7774590163934426,0.4405737704918033,0.4678893442622951,0.6262151639344263,0.3647540983606557,0.034665352804656546
71,BRW,71.28486111,-156.76858333,6,1.5358869020993798e-05,0,0.718155737704918,0.7848360655737705,0.4863524590163934,0.7146700819672132,0.8372336065573771,0.06252164432835294
72,BTM,45.95480555,-112.49747222,7,5.38803011128904e-05,3,0.8450409836065574,0.6557377049180328,0.4799180327868853,0.8249252049180328,0.8001024590163934,0.12084155982326461
73,BTR,30.53291666,-91.14988888,91,0.001230172869798,2,0.2534426229508197,0.3012295081967213,0.5018032786885246,0.2657838114754097,0.4016393442622951,-0.056029707717911714
74,BTV,44.471955,-73.15327611,67,0.0012593844297572,1,0.2521516393442623,0.2991803278688524,0.4787295081967213,0.2985481557377049,0.2930327868852459,-0.1485262589612416
75,BUF,42.94042722,-78.73056972,116,0.002780016865989,1,0.2010245901639344,0.2008196721311475,0.5114549180327869,0.2071178278688524,0.194672131147541,-0.0011002869581123176
76,BUR,34.20069444,-118.35866666,89,0.0035504254896748,3,0.2126229508196721,0.165983606557377,0.5161270491803279,0.2172366803278688,0.1270491803278688,-0.09476902058485881
77,BWG,36.96452777,-86.41966666,11,0.0001079903702298,2,0.6218852459016394,0.5901639344262295,0.5347540983606557,0.5346834016393442,0.8252868852459017,-0.18802097598509293
78,BWI,39.17572833,-76.66899111,180,0.0114343455682636,1,0.0430327868852459,0.055327868852459,0.5035245901639345,0.0436885245901639,0.0717213114754098,0.0939164768653703
79,BZN,45.77723577,-111.15026027,87,0.0017107593321289,3,0.2458196721311475,0.2643442622950819,0.4911680327868852,0.2363124999999999,0.1823770491803278,-0.07117260801499928
80,CAE,33.93883805,-81.11953555,119,0.0023101737163574,1,0.1435655737704918,0.2254098360655737,0.5411680327868852,0.1588790983606556,0.2786885245901639,-0.030196088359866147
81,CAK,40.91505555,-81.44363888,61,0.0002305409036519,1,0.7064754098360656,0.4897540983606557,0.5451639344262296,0.6766567622950819,0.7748155737704918,0.20709903002570706
82,CCR,37.98965666,-122.05690222,7,1.7047287609529178e-07,3,0.8262090163934427,0.9118852459016394,0.5489139344262296,0.8189456967213115,0.7959426229508197,0.11529321178741747
83,CDB,55.20591666,-162.72625,7,4.7884221585643745e-06,0,0.7571311475409837,0.8442622950819673,0.4830327868852459,0.7231690573770492,0.6764959016393443,0.07622921579857589
84,CDC,37.70097,-113.09885083,14,3.38499865958444e-05,3,0.8321516393442623,0.6905737704918034,0.4369672131147541,0.8120502049180329,0.7915573770491803,0.14399354122447294
85,CDV,60.49163972,-145.47755777,9,0.0002362338839513,0,0.8348360655737704,0.485655737704918,0.5083811475409836,0.6820061475409838,0.7880532786885246,0.04345583988263835
86,CEC,41.78016666,-124.23652777,7,5.911818835393769e-05,3,0.8342213114754099,0.6495901639344263,0.4677868852459017,0.8117827868852461,0.1987704918032787,0.10765709421036773
87,CEF,42.19401555,-72.53478666,8,1.8100194414780972e-05,1,0.8220286885245902,0.7602459016393444,0.4656352459016393,0.772172131147541,0.7962090163934427,0.0327615163159618
88,CGI,37.22531527,-89.57075944,20,0.000115156252873,4,0.4555532786885246,0.5819672131147541,0.5590368852459017,0.5469077868852458,0.4631147540983606,-0.08110094975545667
89,CHA,35.03519444,-85.20355555,86,0.0006271251531524,1,0.2936680327868852,0.3688524590163934,0.4925819672131147,0.3211885245901639,0.3975409836065574,-0.02345929833599314
90,CHO,38.13964277,-78.45234416,65,0.0011046552409188,1,0.3664754098360656,0.3073770491803279,0.5107991803278689,0.3506301229508197,0.3872950819672131,-0.1054496719979589
91,CHS,32.89863888,-80.04052777,128,0.0033480268279429,1,0.1326434426229508,0.1741803278688524,0.4898360655737705,0.1425399590163935,0.2274590163934426,-0.008753012609437505
92,CIC,39.79538888,-121.85841666,5,3.119058604109987e-06,3,0.7381762295081968,0.8606557377049181,0.506188524590164,0.7521813524590164,0.7924180327868853,0.0382577156859899
93,CID,41.88469444,-91.71080555,97,0.0017432443840056,4,0.2337909836065574,0.2602459016393443,0.4701434426229509,0.2261803278688524,0.2602459016393443,-0.020369973052207918
94,CIU,46.25075166,-84.47238416,7,3.914268526027257e-06,4,0.7169672131147541,0.8524590163934427,0.5070901639344263,0.7319918032786885,0.7950614754098361,0.03826743919225173
95,CKB,39.29765472,-80.22753194,49,0.0008786679722073,2,0.3738934426229509,0.3217213114754098,0.4701229508196721,0.3758770491803279,0.4364754098360656,-0.15831185310739887
96,CLE,41.40940694,-81.85469111,128,0.0016113310711764,1,0.1831352459016393,0.2725409836065574,0.5208401639344262,0.1934959016393442,0.2561475409836066,0.05614440118292144
97,CLL,30.58804188,-96.36254444,86,0.002536346653259,2,0.1847540983606557,0.2110655737704918,0.5053073770491804,0.195248975409836,0.2704918032786885,-0.16266866817204423
98,CLT,35.21318694,-80.95137916,195,0.0155713791400097,1,0.0195286885245901,0.0348360655737704,0.4821106557377049,0.0203616803278688,0.0512295081967213,0.11423536150312188
99,CMH,39.99694666,-82.89215916,160,0.0056054156679012,1,0.0625204918032786,0.1147540983606557,0.5126434426229508,0.0792725409836065,0.1393442622950819,0.07381789980460225
100,CMI,40.03856083,-88.27653916,56,0.0002215942044637,4,0.6557991803278689,0.4979508196721312,0.5434426229508197,0.6802049180327869,0.6628688524590165,0.23579641453711914
101,CMX,47.16841694,-88.48906944,15,5.007942544244087e-05,4,0.457561475409836,0.6659836065573771,0.506188524590164,0.4619590163934426,0.4968852459016393,-0.19114601509325557
102,CNM,32.33744444,-104.26336111,5,1.223541959589554e-05,3,0.6623155737704918,0.7950819672131147,0.4802459016393443,0.676611680327869,0.7947131147540983,-0.03738513879931571
103,CNY,38.75763083,-109.7534625,8,0.0001082579061073,3,0.8214754098360656,0.5881147540983607,0.4970081967213114,0.827826844262295,0.79625,0.12843041928227472
104,COD,44.52019444,-109.02380555,19,0.000173559516516,3,0.4933196721311476,0.5409836065573771,0.4763729508196722,0.4450768442622951,0.4754098360655738,-0.19848264487792844
105,COE,47.77430555,-116.81958333,8,3.964292861683723e-05,3,0.7140983606557377,0.6823770491803279,0.5095286885245902,0.692296106557377,0.6830532786885246,-0.006549505923248433
106,COS,38.80581666,-104.70077638,159,0.0157320944130973,3,0.0613729508196721,0.0307377049180327,0.5014139344262295,0.0330655737704918,0.0286885245901639,-0.018067634705989863
107,COU,38.81773555,-92.21779194,47,0.0005512227204334,2,0.3222131147540984,0.3913934426229508,0.5132581967213115,0.3426280737704918,0.4405737704918033,-0.1991797160538054
108,CPR,42.90587472,-106.46364861,34,0.0004495689307098,3,0.5168032786885246,0.4139344262295082,0.4350614754098361,0.5588268442622952,0.5840983606557377,-0.010092220005844754
109,CPS,38.57036111,-90.15508333,63,0.0013122138366353,4,0.3551844262295082,0.2950819672131147,0.462233606557377,0.3677213114754097,0.3237704918032787,-0.04957604642433466
110,CRP,27.77219444,-97.50241666,78,0.000565856069961,2,0.3663524590163934,0.3872950819672131,0.5073360655737705,0.4428002049180328,0.4467213114754098,0.059710912850301945
111,CRW,38.37601305,-81.59289361,43,0.0001443040715743,1,0.766311475409836,0.5573770491803279,0.5170081967213115,0.7170594262295082,0.8014959016393443,0.15596663100431396
112,CSG,32.5163275,-84.93887027,30,5.193531235229126e-05,2,0.8108811475409836,0.6598360655737705,0.5107377049180328,0.8150133196721312,0.8040983606557377,0.19011000602047634
113,CVG,39.0488375,-84.66782083,160,0.0041306009075334,1,0.0627459016393442,0.1475409836065573,0.447827868852459,0.0878422131147541,0.1454918032786885,0.09422677139355672
114,CVN,34.42659025,-103.07758002,2,0.0,2,0.8320901639344263,0.9344262295081968,0.4766188524590164,0.8147407786885248,0.8183811475409837,0.04678963465140773
115,CWA,44.77778305,-89.66591111,22,7.398696346013218e-05,4,0.7865983606557377,0.6290983606557378,0.474016393442623,0.7885348360655738,0.8360245901639345,0.1711040711755636
116,CWF,30.21058694,-93.14318916,8,6.165890782961624e-06,3,0.8229713114754099,0.8360655737704918,0.4755532786885246,0.8127971311475409,0.8020696721311477,0.11422025840211658
117,CYS,41.15563888,-104.81047222,16,7.235241751748329e-05,3,0.721127049180328,0.6331967213114754,0.5128483606557378,0.7408883196721312,0.6823360655737706,0.08277005629728795
118,DAB,29.17990888,-81.05804222,52,0.0002009729778302,1,0.5402049180327869,0.5061475409836066,0.5086065573770492,0.4764549180327869,0.525594262295082,-0.03897912341373316
119,DAL,32.84594472,-96.85087666,164,0.0106158187385793,2,0.0573770491803278,0.0594262295081967,0.5492622950819673,0.0644467213114754,0.0778688524590164,0.041322227380721485
120,DAY,39.90225222,-84.21941222,129,0.0036654818942393,1,0.1086065573770491,0.1639344262295082,0.5489549180327868,0.110046106557377,0.1598360655737705,-0.038671521387890276
121,DBQ,42.402,-90.70947222,12,1.4532298992245498e-06,4,0.840922131147541,0.8790983606557378,0.4660655737704918,0.8245000000000001,0.7984836065573772,0.15641409665638573
122,DCA,38.85144027,-77.03772138,146,0.0042729756060032,1,0.0940573770491803,0.1413934426229508,0.4908196721311476,0.1016926229508196,0.1434426229508197,0.03520188363456604
123,DDC,37.76311111,-99.96541666,8,2.9191962339206304e-05,3,0.6322131147540984,0.709016393442623,0.4897336065573771,0.6305071721311475,0.8155532786885247,-0.06825454433920408
124,DEC,39.8345625,-88.86568916,5,2.711754837815396e-06,4,0.8126639344262295,0.8688524590163935,0.5032786885245901,0.7981629098360655,0.8087500000000001,0.09420071720999024
125,DEN,39.86166666,-104.67316666,237,0.0640797979924331,3,0.0061475409836065,0.0020491803278688,0.5330327868852459,0.0042756147540983,0.0020491803278688,-0.035321057228488564
126,DFW,32.89723305,-97.03769472,214,0.0186419725935292,2,0.0102459016393442,0.0225409836065573,0.4835040983606557,0.0105747950819672,0.0307377049180327,0.17920672190751197
127,DHN,31.32102777,-85.44947222,16,9.543425792632538e-06,2,0.8182786885245902,0.8135245901639344,0.5234836065573771,0.8284221311475412,0.8042213114754099,0.13212674919313538
128,DIK,46.80047361,-102.80443527,12,2.998275143538481e-05,3,0.7610040983606557,0.7028688524590164,0.478094262295082,0.7124805327868853,0.5412090163934427,0.03420743182929409
129,DLG,59.04466666,-158.5055,7,6.6192894544860465e-06,0,0.6836680327868853,0.8319672131147542,0.5234426229508197,0.6259620901639346,0.5225409836065574,-0.020992448855654433
130,DLH,46.84206975,-92.19323722,34,0.0003283348011401,4,0.7415368852459017,0.4487704918032787,0.4980532786885246,0.7240071721311475,0.8171106557377049,0.1660194995104729
131,DOV,39.12953888,-75.46596111,10,4.711100445794133e-06,1,0.7542213114754098,0.8463114754098361,0.5154303278688525,0.7663852459016394,0.8126024590163935,0.037329594966697965
132,DRO,37.15152777,-107.75377777,33,0.0005731830883535,3,0.318094262295082,0.3831967213114754,0.5196516393442623,0.3437274590163934,0.3340163934426229,-0.2313076692025799
133,DRT,29.37420694,-100.92715694,20,1.4122280612262208e-05,2,0.7449590163934428,0.7868852459016393,0.4810450819672131,0.779513319672131,0.8227663934426229,0.10367614421447624
134,DSM,41.53397277,-93.66307222,118,0.0018575112838669,4,0.1766598360655737,0.2540983606557377,0.536905737704918,0.1803094262295082,0.1680327868852459,0.04044039726802817
135,DTW,42.21243111,-83.35339333,193,0.0198160981460728,4,0.0225409836065573,0.0204918032786885,0.4850819672131147,0.0289139344262295,0.026639344262295,0.1291614081036349
136,DUJ,41.17827777,-78.89869444,6,2.0843880714505695e-05,1,0.5222950819672131,0.7438524590163935,0.4811680327868853,0.5139241803278689,0.5362704918032787,-0.2357559414954592
137,DUT,53.89894444,-166.54502777,7,1.6137452127514743e-05,0,0.5776024590163935,0.7745901639344263,0.5147950819672131,0.6041557377049181,0.670389344262295,-0.04287520916559984
138,DVL,48.11659083,-98.90998805,6,9.92881127193643e-06,3,0.8137704918032788,0.8094262295081968,0.4823360655737705,0.7764170081967213,0.8073360655737706,0.06756244647141973
139,EAR,40.72704055,-99.00677,11,6.104139875551624e-05,3,0.5934631147540984,0.6475409836065574,0.501577868852459,0.6079559426229509,0.5828278688524591,-0.07569022514638402
140,EAT,47.39880555,-120.20683333,6,9.864523407827124e-06,3,0.7486680327868853,0.8114754098360656,0.4885655737704918,0.7559825819672132,0.8064139344262294,0.04712853631814473
141,EAU,44.86580555,-91.48425,12,4.046128578593996e-06,4,0.7895081967213115,0.8504098360655739,0.4887909836065574,0.8061506147540985,0.7960860655737706,0.13804389669838335
142,ECP,30.35824083,-85.79560222,65,0.000534338672509,2,0.3916393442622951,0.3954918032786885,0.517172131147541,0.3634610655737705,0.3831967213114754,-0.0859838497624279
143,EFD,29.60733333,-95.15875,4,2.659285298457557e-06,2,0.8469057377049182,0.8709016393442623,0.5126434426229508,0.8275553278688526,0.8088934426229509,0.06983031801482042
144,EGE,39.64275,-106.91594444,41,0.0003342487730812,3,0.5365983606557377,0.4467213114754098,0.4979098360655737,0.5463780737704919,0.5660655737704918,0.01425093812894529
145,EKO,40.82499861,-115.7913375,3,2.1125391876019297e-07,3,0.8220901639344262,0.9098360655737704,0.4625204918032787,0.825876024590164,0.81625,0.1017282486443204
146,ELM,42.15985472,-76.89174777,18,4.3248679749276815e-05,1,0.8318647540983607,0.6762295081967213,0.5057991803278689,0.8306372950819672,0.8032786885245902,0.14226220776720577
147,ELP,31.80733333,-106.37636111,125,0.0040516041723888,3,0.1321926229508196,0.1495901639344262,0.5182172131147541,0.1244375,0.1639344262295082,-0.007136782167627281
148,ENA,60.57327777,-151.24483333,16,0.001023709792158,0,0.3285040983606557,0.3114754098360656,0.5074590163934426,0.3906629098360655,0.0143442622950819,-0.21834274050078356
149,ERI,42.08308333,-80.17394444,20,2.104190932005994e-05,1,0.8268852459016394,0.7418032786885246,0.4717213114754098,0.8273678278688525,0.7997950819672132,0.1494184890897039
150,ESC,45.72267416,-87.09371583,9,1.630925076578062e-05,4,0.7829713114754098,0.7725409836065574,0.5399795081967214,0.7784221311475411,0.7812295081967213,0.09484574711863691
151,EUG,44.12458333,-123.21197222,75,0.0014326462692018,3,0.3576434426229508,0.2848360655737705,0.5244672131147541,0.3131014344262295,0.1864754098360656,-0.05363598851479323
152,EVV,38.04080416,-87.52849361,38,0.0001665381583985,2,0.8186680327868853,0.5430327868852459,0.4559631147540983,0.8143206967213116,0.8088524590163936,0.22948732636721803
153,EWB,41.67656611,-70.95783611,7,5.204282330364725e-06,1,0.7745081967213114,0.8422131147540984,0.4638729508196721,0.7883555327868852,0.7902868852459017,0.04392470006388349
154,EWN,35.07285444,-77.04301972,11,1.3034551296316136e-05,1,0.8294467213114755,0.7909836065573771,0.4842008196721311,0.8097704918032788,0.7878688524590165,0.08577176457666358
155,EWR,40.69248055,-74.16868777,184,0.0125685160911613,1,0.0379303278688524,0.0450819672131147,0.5346926229508198,0.0418022540983606,0.0737704918032786,0.10342052080438979
156,EYW,24.55611972,-81.75995583,53,0.0001899337734003,1,0.7339959016393443,0.5163934426229508,0.442827868852459,0.7213586065573769,0.7815573770491803,0.21113692416201923
157,FAI,64.81535555,-147.85666666,24,0.0052145330645117,0,0.3694262295081967,0.1209016393442623,0.5423975409836066,0.3428032786885245,0.0163934426229508,-0.25885463045905094
158,FAR,46.92063888,-96.81575,84,0.006378221322051,4,0.1972950819672131,0.1065573770491803,0.5342418032786885,0.1745911885245901,0.1229508196721311,-0.17577541119608137
159,FAT,36.77655555,-119.71883333,81,0.0016135018797218,3,0.2277868852459016,0.2704918032786885,0.501516393442623,0.2346567622950819,0.1741803278688524,-0.10279004880357259
160,FAY,34.99121111,-78.88027416,31,0.0002106590518535,1,0.4825204918032787,0.5020491803278688,0.5221516393442623,0.4931967213114754,0.3565573770491803,-0.12991363501163644
161,FLG,35.14031583,-111.66924138,27,0.0001777541151277,3,0.4207786885245902,0.5286885245901639,0.5202254098360656,0.4737049180327869,0.7966598360655738,-0.1288983163229751
162,FLL,26.07166666,-80.14969444,160,0.009019341597821,1,0.0633606557377049,0.0696721311475409,0.5451639344262296,0.0760440573770491,0.096311475409836,0.04318383883020008
163,FLO,34.18536333,-79.72388305,16,8.35058916712043e-05,1,0.4319877049180328,0.6147540983606558,0.4527663934426229,0.4808954918032787,0.4508196721311475,-0.2180502454834496
164,FMN,36.74125111,-108.22994166,3,0.0,3,0.8142622950819672,0.9364754098360656,0.4482786885245902,0.8261803278688523,0.7996721311475411,0.10203424778159897
165,FNL,40.45181583,-105.01132555,28,0.0001232668660259,3,0.7345081967213115,0.5758196721311476,0.5044877049180329,0.7394579918032786,0.3319672131147541,0.14241589932940812
166,FNT,42.96546388,-83.74473805,42,0.0005770237046301,4,0.5202868852459017,0.3790983606557377,0.5034631147540983,0.4935245901639346,0.513360655737705,-0.025469526256221342
167,FOD,42.55119444,-94.19183333,8,2.4474759639302734e-05,4,0.7408811475409837,0.7336065573770493,0.5257172131147542,0.7347151639344262,0.8257172131147541,0.04594948968699375
168,FOE,38.95094916,-95.66361361,39,0.0002269104007585,2,0.5638114754098361,0.4938524590163934,0.4983811475409836,0.4941987704918033,0.3278688524590164,-0.08599550220288765
169,FPR,27.49747222,-80.37263888,3,0.0,1,0.8345491803278688,0.9385245901639344,0.4992418032786885,0.8248176229508198,0.7918032786885246,0.059933604402981455
170,FRG,40.72927416,-73.41342083,61,0.0020033563391697,1,0.2838729508196721,0.2438524590163934,0.4600819672131148,0.2666444672131148,0.3094262295081967,-0.21714468998296715
171,FSD,43.58201805,-96.74192527,80,0.0017800548373299,4,0.3022950819672131,0.2581967213114754,0.547827868852459,0.2763360655737705,0.2766393442622951,-0.057613329820020875
172,FSM,35.33664694,-94.36610888,8,1.4286645482816572e-06,2,0.8393032786885246,0.8811475409836066,0.5519672131147542,0.8276280737704917,0.7996721311475411,0.0904079064666764
173,FTW,32.81977027,-97.36245,40,0.0001756556693623,3,0.8247540983606558,0.5348360655737705,0.4966188524590164,0.7615604508196723,0.8097745901639345,0.2255826937394626
174,FWA,40.97847222,-85.19516666,71,0.0009562181995685,1,0.3282172131147541,0.319672131147541,0.4451639344262295,0.3190420081967213,0.4139344262295082,-0.10510375046734738
175,FYV,36.00509555,-94.17006333,19,3.987146088382136e-05,2,0.667766393442623,0.6803278688524591,0.4930737704918033,0.6912202868852458,0.8035450819672132,0.010052666808878952
176,GCC,44.34890805,-105.5393675,8,7.901723924412472e-06,3,0.8311475409836067,0.8278688524590164,0.480327868852459,0.7963196721311476,0.8011680327868853,0.09772886483927079
177,GCK,37.92752777,-100.72441666,15,0.0001884190865669,3,0.6517008196721311,0.5225409836065574,0.5130737704918032,0.6416024590163933,0.3422131147540984,-0.022571280210170963
178,GCN,35.95236111,-112.14697222,3,0.000277128673105,3,0.7563934426229508,0.4692622950819672,0.5303893442622951,0.7319149590163935,0.7895081967213115,0.005544205211100328
179,GEG,47.61902777,-117.53522222,89,0.0025284944577058,3,0.2241188524590164,0.2131147540983606,0.5200204918032787,0.2281178278688525,0.1762295081967213,-0.07568423578397529
180,GFK,47.94786833,-97.17569166,35,0.0007147648906338,4,0.3542622950819672,0.3463114754098361,0.5322336065573771,0.3465122950819672,0.3483606557377049,-0.2094537366547145
181,GFL,43.34122222,-73.61030555,5,0.0,1,0.8385860655737706,0.9405737704918034,0.4763524590163935,0.8248668032786884,0.8101229508196721,0.07023026655020104
182,GGG,32.384,-94.7115,32,0.0001498120115711,2,0.559016393442623,0.555327868852459,0.4879303278688525,0.5591342213114754,0.8009631147540984,-0.056307323951059085
183,GJT,39.12149916,-108.52548555,77,0.0019048772924305,3,0.2277868852459016,0.25,0.546905737704918,0.2134979508196721,0.1844262295081967,-0.14678286453543538
184,GNV,29.69005555,-82.27177777,66,0.0005674227492727,1,0.2748360655737705,0.3852459016393443,0.4958401639344262,0.2911075819672131,0.3995901639344262,-0.15553579308688548
185,GON,41.33005555,-72.04513888,11,3.2100478824585085e-05,1,0.754016393442623,0.694672131147541,0.4763934426229508,0.8042110655737706,0.8121926229508197,0.08005928501129189
186,GPT,30.40726916,-89.07009583,122,0.0023855230931873,1,0.1178688524590164,0.2192622950819672,0.4972540983606557,0.1459959016393442,0.2663934426229508,-0.028312935808318757
187,GRB,44.48463361,-88.12971333,72,0.001280607483035,4,0.2913114754098361,0.2971311475409836,0.4738114754098361,0.2900194672131148,0.2069672131147541,-0.08091049983927917
188,GRI,40.9675425,-98.30963888,42,0.0003101710673922,4,0.8127868852459017,0.4528688524590164,0.5321516393442624,0.7460993852459016,0.8053688524590163,0.22924745080208642
189,GRK,31.06725,-97.82891666,50,0.0003736131316107,2,0.5186680327868853,0.4385245901639344,0.5198770491803278,0.4843750000000001,0.4385245901639344,-0.04063579119161309
190,GRR,42.88083333,-85.52280555,104,0.0030435440351192,1,0.2157581967213115,0.1864754098360656,0.482766393442623,0.2155594262295082,0.2581967213114754,-0.056259066015138415
191,GSO,36.10132666,-79.94112277,130,0.0030396854837101,1,0.1229508196721311,0.1885245901639344,0.4865163934426229,0.1397735655737705,0.2151639344262295,0.0012033118264616893
192,GSP,34.89567111,-82.21885944,137,0.0077142422960745,1,0.104733606557377,0.0922131147540983,0.4732172131147541,0.1253104508196721,0.1885245901639344,-0.014919014301812111
193,GST,58.42527777,-135.70741666,2,0.0,0,0.8346516393442623,0.9426229508196722,0.5092622950819673,0.6608790983606558,0.8048360655737705,-0.011641008304814848
194,GTF,47.48229927,-111.37027941,29,8.387250630137974e-05,3,0.6704098360655738,0.6127049180327869,0.507827868852459,0.6738360655737704,0.7916803278688525,0.08223395554364776
195,GTR,33.44827777,-88.59138888,28,0.0001138496859335,2,0.5687704918032788,0.584016393442623,0.4902254098360655,0.5923043032786885,0.5825819672131148,-0.04334351503059575
196,GUC,38.53433333,-106.93175,14,8.99051070063351e-05,3,0.7231147540983607,0.6065573770491803,0.499016393442623,0.7216454918032787,0.8044672131147541,0.05313884091878118
197,GUM,13.48395194,144.79712944,5,0.0,3,0.8287704918032788,0.944672131147541,0.5320696721311475,0.820361680327869,0.7868032786885246,0.10646308205996668
198,GYY,41.61725,-87.41452777,32,8.481650054966143e-05,2,0.656905737704918,0.6106557377049181,0.4663934426229508,0.6663944672131148,0.6808401639344263,0.051474678878652425
199,HDN,40.48119444,-107.21766666,42,0.0003999956374474,3,0.7699795081967213,0.4323770491803279,0.4913524590163934,0.7421700819672132,0.2233606557377049,0.2146388987551383
200,HGR,39.7085,-77.7265,12,8.18312351832079e-06,1,0.8339754098360657,0.8217213114754098,0.4979508196721312,0.8290194672131147,0.7906352459016394,0.11018342614046084
201,HIB,47.386575,-92.83897805,3,0.0,4,0.8254098360655738,0.9467213114754098,0.4763524590163935,0.8160112704918034,0.8284016393442624,0.10182336488628052
202,HKY,35.74114555,-81.38955055,8,8.699633668716048e-06,2,0.7590573770491804,0.819672131147541,0.4621311475409836,0.7377459016393442,0.8066393442622951,0.0004673660197364038
203,HLN,46.60672222,-111.98327777,19,0.0001133814245873,3,0.7406352459016394,0.5860655737704918,0.4746926229508197,0.6983606557377049,0.6286270491803279,0.055284251288847286
204,HNL,21.31782472,-157.92025027,57,0.0079663138761667,3,0.3375409836065574,0.0840163934426229,0.5012090163934426,0.3774815573770492,0.4692622950819672,-0.13393276785553415
205,HOB,32.68734944,-103.21752861,15,7.269847282868333e-05,3,0.4898360655737705,0.6311475409836066,0.4630327868852459,0.5328811475409837,0.5677868852459016,-0.13036363473163415
206,HOM,59.64554861,-151.47659472,7,1.3379414854812222e-05,0,0.6694262295081967,0.7889344262295083,0.4450204918032787,0.6636977459016393,0.7988114754098361,0.016688939407161207
207,HOT,34.47802777,-93.09622222,2,0.0,2,0.8384221311475409,0.9487704918032788,0.4868852459016393,0.8154764344262293,0.7983196721311475,0.04752529038911224
208,HOU,29.64579983,-95.27723158,142,0.0038309846370218,2,0.0983606557377049,0.1598360655737705,0.487827868852459,0.1064016393442623,0.1331967213114754,0.025020671465771638
209,HPN,41.06695305,-73.70756611,152,0.0121848239307256,1,0.0686065573770491,0.0491803278688524,0.5301229508196721,0.0557725409836065,0.0696721311475409,-0.04348878034995221
210,HRL,26.22655972,-97.65531111,94,0.0014949147007349,2,0.2460245901639344,0.2827868852459017,0.4723155737704918,0.2438053278688524,0.2807377049180328,-0.0647622058967735
211,HSV,34.63719694,-86.77505416,100,0.0016553343154012,2,0.2525409836065573,0.2684426229508196,0.510860655737705,0.2569497950819672,0.2438524590163934,-0.022163075166780177
212,HTS,38.3685078,-82.56036022,37,0.0004026548788012,1,0.4382991803278688,0.430327868852459,0.474016393442623,0.3842469262295082,0.3586065573770492,-0.20966224727502547
213,HUF,39.45063194,-87.30699,9,1.1412783629740758e-05,2,0.8278483606557377,0.7991803278688525,0.5088934426229509,0.8292120901639345,0.7895081967213115,0.09703551541462985
214,HVN,41.26372472,-72.88772916,69,0.0016018238053078,1,0.2785860655737704,0.2745901639344262,0.4508196721311475,0.2804815573770491,0.3442622950819672,-0.15909433637431009
215,HYA,41.66933722,-70.28035916,23,5.561658630063644e-05,1,0.4865573770491803,0.653688524590164,0.4944467213114754,0.4846536885245902,0.4733606557377049,-0.17820197865124782
216,HYS,38.84222222,-99.27316666,6,7.0922863689107e-07,3,0.8285860655737706,0.8913934426229508,0.5222745901639345,0.806298155737705,0.7890983606557377,0.09751760498697948
217,IAD,38.94745638,-77.45992861,192,0.0216466413728866,1,0.025655737704918,0.0184426229508196,0.5363524590163935,0.0246137295081967,0.0327868852459016,0.0543465097098328
218,IAG,43.10755736,-78.94584666,34,0.0001642838104266,2,0.731577868852459,0.5450819672131147,0.4929098360655737,0.7477459016393444,0.8173155737704919,0.14243566461438784
219,IAH,29.98443527,-95.3414425,196,0.0169898067046089,3,0.0163934426229508,0.026639344262295,0.4869467213114754,0.0188821721311475,0.0348360655737704,0.14723098617264244
220,ICT,37.6499525,-97.43304277,127,0.0039511048074556,3,0.1558401639344262,0.1557377049180328,0.515,0.1376741803278688,0.151639344262295,0.017154147079299492
221,IDA,43.51367333,-112.07082027,47,0.0005311838576865,3,0.3605942622950819,0.3975409836065574,0.4541803278688524,0.3904743852459016,0.1967213114754098,-0.11249121788309369
222,IFP,35.15461444,-114.55933222,127,0.006644203874406,4,0.1015163934426229,0.1024590163934426,0.5245081967213115,0.0835030737704918,0.0614754098360655,-0.048677864130941426
223,ILG,39.67870972,-75.606635,67,0.0006558864299058,1,0.2783401639344263,0.3586065573770492,0.5022131147540985,0.2753975409836066,0.3073770491803279,-0.16683224279311726
224,ILM,34.27113888,-77.90288888,57,0.0004185641334628,1,0.4138934426229508,0.4221311475409836,0.5260450819672131,0.4663104508196721,0.5826639344262294,-0.025251617370437518
225,ILN,39.42791666,-83.79211111,25,8.70409055417835e-06,3,0.8268032786885247,0.8176229508196722,0.503688524590164,0.8259528688524591,0.8052459016393443,0.21445921595949968
226,IMT,45.81835638,-88.11454444,7,2.5140451735496658e-06,4,0.6687090163934426,0.875,0.4982581967213115,0.6516577868852458,0.6894672131147541,-0.04205533679052986
227,IND,39.71730555,-86.29463888,176,0.0079584369231224,1,0.0461885245901639,0.0860655737704918,0.5063524590163935,0.0585686475409835,0.0942622950819672,0.11620478500187265
228,INL,48.56558777,-93.40217916,5,1.129673300370121e-05,4,0.8511475409836067,0.8012295081967213,0.5027459016393443,0.8015174180327869,0.8124385245901641,0.0974863087728548
229,INT,36.1337138,-80.22198772,32,0.0002463649901168,1,0.5076229508196721,0.4815573770491803,0.4400204918032787,0.6266598360655738,0.4774590163934426,0.00838658823138394
230,IPL,32.83422222,-115.57875,5,0.0,3,0.83875,0.9508196721311476,0.5511475409836065,0.8202387295081968,0.7929098360655739,0.1063401312402944
231,IPT,41.24166666,-76.92180555,6,2.062540633432788e-05,1,0.8311680327868853,0.7459016393442623,0.5163319672131148,0.8278575819672132,0.7984426229508197,0.07817921396533623
232,IRK,40.09347222,-92.54491666,21,0.0001950745008774,4,0.3969877049180328,0.514344262295082,0.5198360655737705,0.4136659836065574,0.4323770491803279,-0.20986056257803753
233,ISO,35.33143277,-77.60883,3,0.0,4,0.8419467213114754,0.9528688524590164,0.4875409836065574,0.8208524590163935,0.7969262295081967,0.10666455341087056
234,ISP,40.79613569,-73.10066505,39,0.000262101262862,1,0.4267418032786885,0.4795081967213115,0.5049795081967213,0.4109098360655738,0.430327868852459,-0.17162354965309873
235,ITH,42.49136111,-76.45872222,18,1.8319622160181052e-05,1,0.8319262295081968,0.7581967213114754,0.4867622950819672,0.7898729508196721,0.7897540983606557,0.10169798361017657
236,ITO,19.720263,-155.04847013,6,1.892106605587429e-05,3,0.8338524590163935,0.7540983606557378,0.466905737704918,0.8109026639344261,0.7791393442622951,0.10197591612798174
237,IWD,46.52748138,-90.13139444,2,0.0,4,0.8325819672131148,0.9549180327868853,0.4947131147540983,0.8175092213114754,0.8023975409836066,0.09819757479627711
238,JAC,43.60733722,-110.73774888,52,0.0004412953993789,3,0.4698770491803279,0.4180327868852459,0.4688729508196722,0.450453893442623,0.3258196721311475,-0.02617141798314926
239,JAN,32.31116666,-90.07588888,64,0.0001990532612926,2,0.5519877049180328,0.5102459016393442,0.5075819672131148,0.6067930327868852,0.7922336065573771,0.15491590836273933
240,JAX,30.49404555,-81.68784666,134,0.003435212085102,1,0.1258811475409836,0.1680327868852459,0.5188524590163934,0.1565481557377049,0.2848360655737705,0.035297742589524186
241,JFK,40.63992805,-73.77869222,153,0.0124830752284289,1,0.0778688524590164,0.0471311475409836,0.4622950819672131,0.0686065573770492,0.0840163934426229,-0.027925260409347674
242,JHW,42.15339444,-79.25802277,3,0.0,1,0.8329098360655738,0.9569672131147542,0.5282377049180328,0.8256434426229509,0.8088934426229509,0.06075942407511248
243,JLN,37.15316722,-94.4988075,13,4.892208076146947e-05,4,0.5858606557377048,0.6700819672131147,0.5287704918032787,0.6032694672131148,0.581639344262295,-0.060073755411224616
244,JMS,46.92972222,-98.67819444,8,3.274253224994083e-05,3,0.6153483606557377,0.6926229508196722,0.4761065573770492,0.646219262295082,0.8034836065573772,-0.0525709566736795
245,JNU,58.3547118,-134.57847052,11,0.0020926938618888,0,0.4307172131147541,0.2377049180327869,0.4582581967213115,0.6289200819672132,0.5501024590163934,-0.01428563239369729
246,JST,40.31555555,-78.83466666,11,1.5682694494796395e-05,4,0.7924180327868853,0.7807377049180328,0.5025409836065574,0.7595819672131149,0.7955532786885247,0.08625809473669366
247,JVL,42.62025277,-89.04156694,3,0.0,2,0.8293647540983607,0.959016393442623,0.5054713114754098,0.8186024590163935,0.8046516393442623,0.05577505588895182
248,KOA,19.7442525,-156.04514333,34,0.0018315323544611,3,0.431844262295082,0.2561475409836066,0.5464344262295083,0.466328893442623,0.5184426229508197,-0.11368399837380178
249,KTN,55.35408333,-131.71122222,13,0.0004083002947096,0,0.4317008196721311,0.4282786885245901,0.5081762295081967,0.583860655737705,0.5992827868852459,-0.03557596585773959
250,LAF,40.41230555,-86.93688888,30,5.006698202879365e-05,4,0.758688524590164,0.6680327868852459,0.5026024590163934,0.7985768442622951,0.7998155737704918,0.22232802631127768
251,LAL,27.98763888,-82.019,56,0.000342376165061,1,0.376577868852459,0.444672131147541,0.5225204918032788,0.3598872950819672,0.4057377049180328,-0.13618690869731703
252,LAN,42.7786475,-84.58620555,66,0.0004726192346761,4,0.2982172131147541,0.4057377049180328,0.5031557377049181,0.3019948770491803,0.3524590163934426,-0.09319134188025058
253,LAR,41.31205722,-105.67498555,18,0.0001765822409363,3,0.4613729508196721,0.5327868852459017,0.5009426229508197,0.5037459016393443,0.5620286885245902,-0.14496159358492067
254,LAS,36.08004388,-115.15223472,206,0.021976120372436,3,0.0122950819672131,0.0163934426229508,0.4574590163934426,0.012546106557377,0.0225409836065573,0.1521042775910549
255,LAW,34.56771444,-98.41663666,36,0.0002217237276002,2,0.4797131147540984,0.4959016393442623,0.4868032786885246,0.4261198770491804,0.4836065573770492,-0.169403981919781
256,LAX,33.94249638,-118.40804861,192,0.0181554558185998,3,0.0255737704918032,0.0245901639344262,0.5055122950819673,0.0230850409836065,0.0245901639344262,0.12158154514251437
257,LBB,33.66366666,-101.82055555,97,0.0016574237514439,2,0.2030942622950819,0.2663934426229508,0.537438524590164,0.209764344262295,0.2336065573770492,-0.08473652183894387
258,LBE,40.2731005,-79.41032555,27,1.05890334860107e-05,1,0.7360450819672132,0.8032786885245902,0.5116803278688524,0.7625922131147542,0.8019672131147542,0.12059297204273212
259,LBF,41.12621277,-100.68365305,12,0.0001389502183938,3,0.4561475409836065,0.5635245901639344,0.5253483606557378,0.4853811475409837,0.3770491803278689,-0.19376669891712772
260,LBL,37.04392111,-100.95996861,8,2.8943821493977983e-05,3,0.6628688524590165,0.7131147540983607,0.5063934426229508,0.6693473360655738,0.5818647540983607,-0.029412388433284642
261,LCH,30.12609444,-93.22341277,31,0.0001375553634773,2,0.3959426229508196,0.5655737704918034,0.4780532786885246,0.4184159836065573,0.4487704918032787,-0.20205091129281882
262,LCK,39.813787,-82.92781372,59,0.0003947896576378,1,0.6901434426229509,0.4344262295081967,0.4676639344262295,0.6424477459016394,0.7955122950819672,0.1613240111339843
263,LEX,38.03674166,-84.60861722,91,0.0015473941338873,2,0.2277663934426229,0.2786885245901639,0.5249180327868853,0.2354036885245902,0.2028688524590164,-0.08895635103097266
264,LFT,30.20502777,-91.98775,71,0.0011547814275642,2,0.29125,0.305327868852459,0.5090573770491803,0.2991424180327869,0.4262295081967213,-0.12454070821431029
265,LGA,40.77724222,-73.87260555,128,0.0042379983982417,1,0.1209016393442623,0.1434426229508197,0.4994877049180328,0.1420491803278687,0.2131147540983606,-0.016388112887147727
266,LGB,33.81792972,-118.15189055,83,0.0039381330899214,3,0.3808606557377049,0.1577868852459016,0.5207786885245902,0.3237100409836065,0.040983606557377,-0.022150460737809408
267,LGU,41.79177055,-111.85164722,10,1.6440015377162795e-05,3,0.8429713114754099,0.7704918032786886,0.4883401639344262,0.8180430327868853,0.7963934426229509,0.12963116546201647
268,LIH,21.97598333,-159.33895777,19,1.553908998653426e-06,3,0.8314344262295082,0.8770491803278689,0.4519877049180328,0.8301711065573771,0.7942008196721312,0.187992406889827
269,LIT,34.72944138,-92.22477722,129,0.0034159710966817,2,0.1556352459016393,0.1700819672131147,0.4804303278688525,0.1617940573770491,0.2295081967213114,0.01713601375277743
270,LMT,42.15614388,-121.73320472,5,1.671112806836106e-05,3,0.6303483606557377,0.7684426229508197,0.4828073770491803,0.6271311475409838,0.7934836065573772,-0.08690160071217978
271,LNK,40.85089138,-96.75912111,80,0.0025485421086454,4,0.255655737704918,0.2069672131147541,0.5028893442622951,0.2477592213114754,0.235655737704918,-0.09235927024977017
272,LNS,40.12236111,-76.29436111,19,3.7244509488815846e-05,1,0.8476024590163935,0.6864754098360656,0.539016393442623,0.8262684426229508,0.8120696721311477,0.1430652951993252
273,LNY,20.78561111,-156.95141805,6,1.5570116483010847e-05,3,0.5749795081967213,0.7827868852459017,0.4593032786885246,0.5868155737704918,0.5831967213114755,-0.12208427400658461
274,LRD,27.54419444,-99.46158333,105,0.0054192557786467,2,0.1428893442622951,0.1188524590163934,0.5130122950819672,0.1124405737704918,0.1618852459016393,-0.17126878786117652
275,LRU,32.28941388,-106.92196444,17,0.0001742021213348,3,0.7810040983606558,0.5368852459016393,0.5061270491803279,0.7441209016393442,0.7967622950819673,0.09030877211557131
276,LSE,43.87926566,-91.25663361,27,0.000139224648884,4,0.536905737704918,0.5614754098360656,0.5060655737704919,0.5459743852459017,0.819344262295082,-0.046361376099175455
277,LUK,39.10297722,-84.41760583,37,0.0001241303564806,4,0.5513114754098362,0.5737704918032788,0.5527254098360657,0.5049272540983606,0.4036885245901639,-0.036049927448908226
278,LWB,37.85830666,-80.3994825,16,1.0080169882499712e-05,1,0.7637090163934427,0.8053278688524591,0.4464959016393443,0.7708329918032788,0.8137295081967214,0.07247668567017762
279,LWS,46.37449861,-117.01539638,12,2.9276121840708447e-05,3,0.8271311475409836,0.7069672131147542,0.500655737704918,0.831049180327869,0.8000204918032788,0.15278175189874654
280,LYH,37.32538888,-79.20122222,27,0.0002749333964893,1,0.5629713114754099,0.4733606557377049,0.5341188524590164,0.6059303278688524,0.5364344262295082,-0.0381909597972534
281,MAF,31.94252777,-102.20191666,72,0.0010895661806572,3,0.260266393442623,0.3094262295081967,0.5062500000000001,0.2734118852459016,0.2479508196721311,-0.10594265617496806
282,MBL,44.272465,-86.24690083,4,1.8032893082806916e-05,4,0.8118032786885246,0.7622950819672132,0.5320901639344263,0.8137694672131147,0.8042008196721312,0.10456054195224851
283,MBS,43.53292694,-84.07963583,25,0.0002034436913345,4,0.547561475409836,0.5040983606557378,0.4919672131147541,0.5523370901639346,0.4180327868852459,-0.0507616767618444
284,MCI,39.29761111,-94.71388888,165,0.0066163801036154,2,0.055327868852459,0.1045081967213114,0.5518647540983607,0.0663862704918032,0.110655737704918,0.08049134729493118
285,MCK,40.20629222,-100.59209388,4,0.0,3,0.8215573770491804,0.9610655737704918,0.4673155737704919,0.8011506147540983,0.8000614754098361,0.08212827557652036
286,MCN,32.69283333,-83.64922222,40,0.0003048609226881,1,0.5973360655737705,0.4590163934426229,0.4861475409836066,0.575265368852459,0.4528688524590164,-0.0024875327200538644
287,MCO,28.42938888,-81.309,187,0.0154624725747457,1,0.0327868852459016,0.0389344262295082,0.526516393442623,0.0311147540983606,0.055327868852459,0.08487276460325921
288,MCW,43.15780555,-93.33125,6,1.568722390030772e-05,4,0.7252868852459017,0.778688524590164,0.4723565573770492,0.7354866803278689,0.7999795081967214,0.03654406694288681
289,MDH,37.77808333,-89.25202777,27,0.0006138378882121,4,0.3860040983606557,0.3709016393442623,0.5334426229508197,0.391952868852459,0.4426229508196722,-0.20419289016603442
290,MDT,40.19319166,-76.76261916,102,0.0020129349400018,1,0.2772950819672131,0.2418032786885246,0.5216803278688525,0.2780901639344263,0.319672131147541,0.004297491011706844
291,MDW,41.78597222,-87.75241666,148,0.0045313067762307,1,0.0881147540983606,0.1331967213114754,0.5504508196721312,0.0981526639344262,0.1127049180327868,0.039835631253900286
292,MEI,32.33286166,-88.75157222,13,4.639411995276488e-05,2,0.8403688524590165,0.6741803278688525,0.5208401639344262,0.7935993852459017,0.3790983606557377,0.08163695851752895
293,MEM,35.04241138,-89.97667916,195,0.0127870173594335,2,0.019405737704918,0.0430327868852459,0.4925204918032787,0.0351926229508196,0.0676229508196721,0.15347461778599267
294,MFD,40.82141666,-82.51663888,2,0.0,2,0.8440778688524591,0.9631147540983608,0.545655737704918,0.8150020491803277,0.8086885245901639,0.04705090514321064
295,MFE,26.17583333,-98.23861111,58,0.0006637235837457,2,0.3022131147540983,0.3565573770491803,0.5310245901639344,0.322718237704918,0.4221311475409836,-0.16363151224970818
296,MFR,42.37496472,-122.8732875,31,0.0006381121374088,3,0.4282991803278688,0.3627049180327869,0.5427049180327869,0.463984631147541,0.4877049180327869,-0.1218192022898354
297,MGM,32.30063888,-86.39397222,63,0.0005846280951976,2,0.3923975409836066,0.3770491803278689,0.4648975409836066,0.4088012295081967,0.4795081967213115,-0.051294870215178645
298,MGW,39.64359527,-79.91754694,12,6.591283557491479e-05,1,0.730061475409836,0.6413934426229508,0.4963319672131148,0.7074989754098361,0.7989344262295083,-0.011800495778956144
299,MHK,39.14141666,-96.67155555,52,0.0002751192089258,2,0.3682581967213115,0.4713114754098361,0.504282786885246,0.4377110655737706,0.360655737704918,-0.07626157555500501
300,MHT,42.93280555,-71.43575,63,0.000574557093914,1,0.3823565573770492,0.3811475409836066,0.4805532786885246,0.3816547131147541,0.3504098360655738,-0.0804171562196726
301,MIA,25.79536111,-80.29011583,181,0.0114092017173177,2,0.040983606557377,0.0573770491803278,0.523360655737705,0.0477735655737704,0.0819672131147541,0.10538371855604156
302,MIE,40.24247222,-85.39575,4,1.2426701103540764e-07,4,0.8288934426229508,0.9159836065573772,0.5408811475409836,0.8201280737704918,0.7881557377049181,0.11106291151076764
303,MKC,39.122935,-94.59282333,70,0.0003081205868653,2,0.5897336065573772,0.4569672131147541,0.5187909836065574,0.6190266393442624,0.7054918032786885,0.19701641325422886
304,MKE,42.94693194,-87.89706444,169,0.0101353300833561,4,0.0532786885245901,0.0614754098360655,0.4650409836065574,0.0500922131147541,0.0635245901639344,0.10508308432268196
305,MKG,43.16767277,-86.23543805,4,7.55496799181833e-07,2,0.8217418032786885,0.889344262295082,0.4850409836065574,0.8217192622950821,0.798954918032787,0.06400953526325526
306,MKK,21.15288583,-157.09625611,4,0.0,3,0.8282172131147542,0.9651639344262296,0.4793032786885246,0.8113278688524591,0.7817827868852459,0.09230552967488115
307,MKL,35.59988055,-88.91561194,7,5.766282254807967e-07,2,0.836844262295082,0.8995901639344263,0.5032991803278689,0.8262715163934427,0.8256147540983606,0.08393444797315286
308,MLB,28.10275,-80.64525,34,0.0001575465958767,1,0.801782786885246,0.5512295081967213,0.4703893442622951,0.8260327868852461,0.7956967213114755,0.21872001799600427
309,MLI,41.44820916,-90.50777,50,0.0005976471649821,4,0.4766188524590164,0.3729508196721312,0.5146516393442623,0.4210122950819672,0.3545081967213115,-0.057157450622313255
310,MLU,32.51055583,-92.03613361,34,0.0002280441909204,2,0.6097131147540984,0.4918032786885246,0.5011270491803279,0.635657786885246,0.4590163934426229,0.029835708046349718
311,MMH,37.62405555,-118.83875,2,0.0,3,0.8327254098360656,0.9672131147540984,0.5046106557377049,0.8205840163934426,0.7850204918032787,0.09131419539651386
312,MOB,30.69141666,-88.24283333,39,9.640657073653676e-05,2,0.8363729508196721,0.5983606557377049,0.4738319672131147,0.8069682377049181,0.8126844262295082,0.22782159547552872
313,MOT,48.25763888,-101.27802777,27,0.0004142636071777,3,0.4114139344262295,0.4262295081967213,0.5382172131147541,0.4483924180327869,0.5040983606557378,-0.15610941615075696
314,MQY,36.00897027,-86.52008972,94,0.0068391451027984,2,0.1852663934426229,0.096311475409836,0.5546106557377048,0.1436372950819672,0.0881147540983606,-0.20783149745782908
315,MRY,36.58695222,-121.84278305,48,0.0014263753124014,3,0.3519467213114754,0.2868852459016394,0.4929508196721311,0.3539815573770491,0.1700819672131147,-0.1510465294923759
316,MSL,34.74530555,-87.61022222,15,6.592072560517923e-05,4,0.5429918032786886,0.639344262295082,0.4995901639344263,0.557515368852459,0.6855737704918033,-0.09571683000287257
317,MSN,43.13987913,-89.33750447,125,0.0047851718374058,4,0.1396516393442623,0.1290983606557377,0.5053483606557377,0.1130020491803278,0.1311475409836065,-0.014502834598214026
318,MSO,46.91630555,-114.09055555,47,0.0006372147479831,3,0.6299590163934427,0.3647540983606557,0.4966598360655738,0.5442622950819672,0.3012295081967213,0.04044552006844504
319,MSP,44.88197222,-93.22177777,247,0.0396294557193946,4,0.0040983606557377,0.0081967213114754,0.4632991803278689,0.0063002049180327,0.0081967213114754,0.22417629434062855
320,MSS,44.93624111,-74.84511972,1,0.0,1,0.8345491803278688,0.9692622950819672,0.4991598360655738,0.8181526639344263,0.7953278688524591,0.04302116356723695
321,MSV,41.70163888,-74.79502777,1,0.0,1,0.8369262295081968,0.971311475409836,0.5050204918032787,0.8191495901639346,0.7981352459016394,0.04401808979674526
322,MSY,29.99327222,-90.2590275,145,0.0028316962760143,2,0.0943442622950819,0.1967213114754098,0.5564754098360656,0.1097448770491803,0.1926229508196721,0.05175700321519038
323,MTH,24.72619444,-81.05136111,11,3.775971269865656e-06,1,0.7221106557377049,0.8545081967213115,0.4987090163934427,0.7465256147540984,0.8150409836065574,0.022601211556896872
324,MTJ,38.50980555,-107.89425,39,0.0004978581770542,3,0.4555327868852459,0.4036885245901639,0.4779303278688525,0.3983043032786885,0.3709016393442623,-0.14538370242516774
325,MTO,39.47788888,-88.27997222,1,0.0,1,0.8407172131147541,0.9733606557377048,0.4833811475409836,0.8174446721311476,0.7998155737704918,0.04231317176395821
326,MVY,41.3934175,-70.61387444,40,0.0008613770867154,1,0.3183196721311476,0.3258196721311475,0.5218647540983606,0.3269948770491803,0.4200819672131147,-0.25522550480931083
327,MWA,37.75497222,-89.01108333,21,0.0001824747072507,4,0.6782581967213115,0.5266393442622951,0.4802459016393443,0.6311475409836065,0.6657172131147542,0.007722140701454605
328,MWH,47.20858333,-119.31913888,1,0.0,3,0.8273770491803278,0.975409836065574,0.4981352459016394,0.816531762295082,0.794610655737705,0.08213820038847763
329,MYR,33.67974111,-78.92832138,94,0.0014175061641441,1,0.2090163934426229,0.2889344262295082,0.5476844262295082,0.2161741803278688,0.2889344262295082,-0.09382856532391817
330,NYL,32.65657388,-114.60598722,4,2.687297446074307e-05,2,0.77625,0.7213114754098361,0.4641393442622951,0.8120952868852459,0.7863524590163935,0.05417589960612612
331,OAJ,34.82916666,-77.61213888,12,2.4660380715888195e-05,1,0.8227663934426229,0.7315573770491803,0.5438319672131148,0.8269733606557377,0.7831762295081968,0.10800504701589653
332,OAK,37.72126138,-122.22115055,123,0.0086235399626074,3,0.1523975409836065,0.0717213114754098,0.4780327868852459,0.1552602459016393,0.1024590163934426,-0.023263116945920453
333,OCF,29.17187677,-82.22411463,8,2.909102089752178e-06,1,0.8321721311475411,0.8647540983606558,0.4886270491803278,0.8201116803278689,0.8067008196721313,0.08082301326685104
334,OGD,41.19507036,-112.01219472,17,7.599821771872345e-05,3,0.4688729508196722,0.625,0.5547131147540983,0.5289559426229509,0.5614139344262296,-0.12406784680978844
335,OGG,20.89864861,-156.43045861,44,0.0028517824354827,3,0.308155737704918,0.194672131147541,0.4392622950819673,0.3509743852459016,0.3401639344262295,-0.18599124075864187
336,OGS,44.68225,-75.46325,13,1.0019884701650989e-05,1,0.8145901639344262,0.8073770491803279,0.4730737704918033,0.8058555327868853,0.7987500000000001,0.09212848786911432
337,OKC,35.39307277,-97.60076555,171,0.0079462919195876,3,0.0491803278688524,0.0881147540983606,0.5184631147540983,0.0514969262295082,0.0758196721311475,0.12434979263935704
338,OMA,41.30316666,-95.89405555,145,0.0073017810564302,4,0.0943852459016393,0.0942622950819672,0.4319262295081967,0.0907325819672131,0.1065573770491803,0.0455002243370729
339,OME,64.512555,-165.44439388,7,0.0001218739552157,0,0.5655532786885247,0.5778688524590164,0.4994262295081967,0.4896342213114755,0.5020491803278688,-0.15824553422550824
340,ONT,34.05601416,-117.6011875,120,0.0046623487163507,3,0.1614959016393442,0.1311475409836065,0.5108811475409837,0.1631629098360655,0.1168032786885246,0.001067119955866308
341,ORD,41.97694027,-87.90814972,258,0.0474548588292237,4,0.0020491803278688,0.0061475409836065,0.5458196721311476,0.0022141393442622,0.0061475409836065,0.2136322975268379
342,ORF,36.89460416,-76.20122916,113,0.002539453804958,1,0.1763524590163934,0.2090163934426229,0.5367622950819673,0.1862602459016393,0.2418032786885246,-0.03539795146084285
343,ORH,42.26713888,-71.87561111,17,5.89712105637863e-06,1,0.8138729508196723,0.8401639344262295,0.5119262295081968,0.8215153688524591,0.8187500000000001,0.128316383405101
344,OSU,40.07951555,-83.07321277,7,1.889854836340713e-05,3,0.77625,0.7561475409836066,0.4881147540983606,0.7741106557377052,0.8148975409836067,0.07030782960360527
345,OTH,43.41694444,-124.24702777,13,9.500896318796662e-05,3,0.7129303278688526,0.6004098360655739,0.4700409836065574,0.6752202868852459,0.8070081967213115,0.0015489234565583265
346,OTZ,66.88480555,-162.59813888,5,6.619289454486047e-06,0,0.8086680327868853,0.834016393442623,0.4780737704918033,0.824299180327869,0.7845901639344263,0.16709715948892923
347,OWB,37.73883416,-87.16682855,26,0.0006905352681861,4,0.3221106557377049,0.3545081967213115,0.4762090163934426,0.3700778688524589,0.3852459016393443,-0.23180732574042623
348,OXR,34.20080694,-119.20722638,8,9.245009937648305e-05,3,0.8010040983606558,0.6024590163934427,0.5282172131147541,0.7939303278688526,0.8105122950819672,0.09466080138612565
349,PAE,47.90731805,-122.28209388,55,0.0067926470383775,3,0.2607581967213115,0.0983606557377049,0.5038114754098362,0.254515368852459,0.0430327868852459,-0.25772472900385096
350,PAH,37.06028833,-88.77295888,29,0.0002312287962958,4,0.6978073770491803,0.4877049180327869,0.4975409836065574,0.6648125,0.6603893442622951,0.08198564944730491
351,PBG,44.65094444,-73.46813888,21,9.647166757683624e-05,1,0.6174590163934427,0.5963114754098361,0.4592827868852459,0.5996711065573771,0.7762295081967214,-0.07376001003692456
352,PBI,26.68316166,-80.09559194,124,0.005103371779803,1,0.1521106557377049,0.1229508196721311,0.5474180327868853,0.1532766393442622,0.1372950819672131,-0.03260247507089378
353,PDX,45.58870886,-122.59686941,135,0.0115781386912151,3,0.1177868852459016,0.0512295081967213,0.5263729508196722,0.1164579918032786,0.0368852459016393,-0.024298769777680918
354,PGA,36.92606944,-111.44835055,12,0.0044822917640129,3,0.4581967213114754,0.1372950819672131,0.4834426229508197,0.4650399590163935,0.5204918032786886,-0.2489744267887608
355,PGD,26.9185925,-81.99088611,60,0.0009789608786315,1,0.2458606557377049,0.3176229508196721,0.4944467213114754,0.2518975409836065,0.2991803278688524,-0.2287919364547586
356,PGV,35.63569444,-77.38408333,29,0.0001838085975888,1,0.5343852459016393,0.5245901639344263,0.4752254098360656,0.5516905737704919,0.5311065573770493,-0.08145172009338408
357,PHF,37.13188888,-76.49297222,25,0.0001640494662742,1,0.7343032786885246,0.5471311475409837,0.490983606557377,0.6793627049180327,0.4549180327868852,0.025884065502982168
358,PHL,39.87208388,-75.24066305,184,0.0157048292376791,1,0.037889344262295,0.0327868852459016,0.4663729508196721,0.0372274590163934,0.0573770491803278,0.07366870830871977
359,PHX,33.43427777,-112.01158333,189,0.0286244521154316,3,0.0307377049180327,0.0102459016393442,0.4757377049180328,0.0170163934426229,0.0204918032786885,0.016100927104070965
360,PIA,40.66419444,-89.69325,63,0.0006940242963729,4,0.3413114754098361,0.3504098360655738,0.5193032786885245,0.3174702868852458,0.3114754098360656,-0.09486450251669526
361,PIB,31.46714638,-89.3370575,20,0.0001508661938223,2,0.4560655737704918,0.5532786885245902,0.4921516393442623,0.4371290983606558,0.4815573770491803,-0.23980580035461735
362,PIE,27.90863361,-82.68651,111,0.0020722725716148,1,0.1470491803278688,0.2397540983606557,0.5203893442622951,0.1679477459016393,0.2520491803278689,-0.06020759665953579
363,PIH,42.9097925,-112.59591888,12,2.1139607311993913e-05,3,0.8235655737704918,0.7397540983606558,0.4534631147540984,0.8147817622950819,0.8093237704918033,0.1365796504202722
364,PIR,44.38268694,-100.28597527,4,1.801086100229528e-05,4,0.8223155737704919,0.764344262295082,0.5225614754098361,0.8045235655737704,0.8154918032786885,0.09531481717728241
365,PIT,40.49141666,-80.23269444,156,0.0060553410161271,1,0.0686885245901639,0.110655737704918,0.4868647540983606,0.0936659836065573,0.1147540983606557,0.06410456523645555
366,PKB,39.34496194,-81.43929305,8,5.195631908110214e-05,1,0.5553073770491804,0.6577868852459017,0.4562090163934426,0.5631659836065575,0.5256352459016393,-0.1765164141116352
367,PLN,45.57091666,-84.79672222,9,1.1931794960184786e-05,4,0.7519057377049181,0.7971311475409837,0.5130532786885246,0.747031762295082,0.8082172131147541,0.06349051866061428
368,PNS,30.47341666,-87.18661111,74,0.0002885941802148,2,0.3815573770491803,0.4610655737704918,0.4859016393442623,0.4910204918032788,0.4948360655737705,0.089661979222671
369,POU,41.626585,-73.88418861,4,0.0,1,0.8246311475409837,0.9774590163934428,0.508688524590164,0.8256618852459015,0.8018237704918033,0.06590160760773844
370,PPG,-14.33166222,-170.71150305,1,0.0,3,0.854405737704918,0.9795081967213116,0.5552254098360656,0.8234631147540984,0.8054918032786885,0.08906955284749407
371,PQI,46.68896388,-68.04479138,6,0.0,1,0.8410655737704918,0.9815573770491804,0.5130122950819672,0.829453893442623,0.7935860655737705,0.07994109762381096
372,PRC,34.65483333,-112.41922222,12,5.145880751945064e-05,3,0.8250614754098361,0.6639344262295083,0.4970286885245902,0.8250717213114754,0.7998975409836067,0.14662621950845
373,PSC,46.26468166,-119.11902388,37,0.0001895165273911,3,0.5532172131147541,0.5204918032786886,0.4715163934426229,0.4615204918032788,0.6512090163934428,-0.08993975720888969
374,PSE,18.00878055,-66.56452083,4,0.0,1,0.8520286885245902,0.9836065573770492,0.5193647540983607,0.8254713114754099,0.8003278688524591,0.06571103383724686
375,PSG,56.80147222,-132.94622222,8,1.2071652500582456e-06,0,0.5473155737704918,0.8831967213114754,0.5350204918032787,0.6884620901639346,0.5993647540983607,0.046674738336000776
376,PSM,43.07794444,-70.82327777,45,0.0004447387235556,1,0.8186270491803279,0.4159836065573771,0.5388524590163934,0.7459262295081968,0.8193852459016394,0.19266915167984633
377,PSP,33.82966972,-116.50669416,82,0.0027809427508199,3,0.2129918032786885,0.1987704918032787,0.538422131147541,0.2299918032786886,0.1475409836065573,-0.111702996634964
378,PTK,42.66563619,-83.42050563,74,0.0026317056442107,2,0.2386475409836065,0.2049180327868852,0.5020901639344263,0.2198381147540983,0.2110655737704918,-0.2003299220593719
379,PUB,38.2899475,-104.49802805,9,7.952696889307574e-07,3,0.8336680327868853,0.8872950819672132,0.5136065573770492,0.8200215163934427,0.7975000000000001,0.12661149766996593
380,PUW,46.74169138,-117.11161916,27,0.0001999907703434,3,0.5664344262295082,0.5081967213114754,0.504282786885246,0.5429815573770493,0.375,-0.05980018359760997
381,PVD,41.72233333,-71.42772222,112,0.0032920120916021,1,0.1938934426229508,0.1762295081967213,0.5284426229508197,0.1999036885245901,0.290983606557377,-0.032919474651624564
382,PVU,40.21916666,-111.72336111,81,0.0019717522437773,3,0.2418032786885246,0.2459016393442623,0.4688934426229508,0.2392131147540983,0.1905737704918033,-0.10110958125557196
383,PWM,43.6456435,-70.30861636,65,0.000826341643383,1,0.3568647540983606,0.3278688524590164,0.513032786885246,0.3808944672131148,0.4672131147540984,-0.07295114193715413
384,RAP,44.04533333,-103.05736111,57,0.004960309601905,3,0.272889344262295,0.125,0.5023155737704919,0.2767172131147541,0.1782786885245901,-0.2105661601295749
385,RDD,40.50898527,-122.29338527,12,6.908898729020783e-05,3,0.7318237704918034,0.6352459016393442,0.5239959016393443,0.7064272540983605,0.7383196721311476,0.0278402245452799
386,RDG,40.37849861,-75.96524722,4,8.989528457880553e-08,1,0.816844262295082,0.918032786885246,0.5301434426229508,0.8242694672131148,0.8203688524590164,0.06450846793299847
387,RDM,44.25406888,-121.14997138,35,0.000630096297411,3,0.4356967213114754,0.3668032786885246,0.4735040983606557,0.471531762295082,0.4713114754098361,-0.09371275967422033
388,RDU,35.87763888,-78.78747222,170,0.0067572694674128,1,0.0512295081967213,0.1004098360655737,0.4864344262295082,0.0607817622950819,0.0983606557377049,0.09731792701552652
389,RFD,42.19536111,-89.09722222,107,0.001888864213985,1,0.2663319672131147,0.2520491803278689,0.5040573770491803,0.2652305327868852,0.3913934426229508,0.018052552594693794
390,RHI,45.63090055,-89.46662777,10,2.480142771436097e-05,4,0.644938524590164,0.7274590163934427,0.54,0.6390061475409836,0.677561475409836,-0.0395146672425295
391,RIC,37.50518111,-77.31973861,113,0.0023188956500025,1,0.2274590163934426,0.2213114754098361,0.4973565573770492,0.212421106557377,0.3032786885245901,-0.007466541676675709
392,RIW,43.06423833,-108.45984083,5,0.0,3,0.8098155737704918,0.985655737704918,0.4445081967213115,0.8201465163934426,0.8190983606557378,0.10624791812554024
393,RKS,41.59421777,-109.06519861,6,4.555314386139333e-06,3,0.6858401639344263,0.8483606557377049,0.5257172131147542,0.7336362704918034,0.8003073770491804,0.024824844964434267
394,RME,43.23379944,-75.40702583,6,0.0,1,0.8381762295081967,0.9877049180327868,0.4763524590163935,0.8311905737704919,0.8001434426229509,0.08167777795167985
395,RNO,39.49911111,-119.76811111,113,0.0030143548652036,3,0.1261680327868852,0.1905737704918033,0.4936885245901639,0.1317786885245901,0.1290983606557377,-0.052953878557331885
396,ROA,37.32547222,-79.97541666,68,0.0007023091962078,1,0.2743237704918033,0.3483606557377049,0.4478688524590164,0.2754938524590164,0.3176229508196721,-0.16198485306669402
397,ROC,43.11914361,-77.67186888,73,0.0004626519091221,1,0.4814959016393443,0.4077868852459017,0.4737909836065574,0.4821936475409836,0.4918032786885246,0.07225751558067661
398,ROW,33.2998775,-104.52940305,34,0.0005243948814801,3,0.7654508196721312,0.3995901639344262,0.5445696721311476,0.7077961065573771,0.5081967213114754,0.13827637067976073
399,RST,43.90827777,-92.50002777,38,0.0001214105998876,4,0.756577868852459,0.5799180327868853,0.5028483606557377,0.7522284836065574,0.3729508196721312,0.21639687604362978
400,RSW,26.53616388,-81.755155,118,0.0022169414839759,1,0.1621516393442623,0.2295081967213114,0.5014139344262295,0.1846536885245902,0.2745901639344262,-0.008796809523314353
401,RUT,43.52973027,-72.94962611,9,7.91573173511997e-06,1,0.7013114754098361,0.8258196721311476,0.4621516393442623,0.6145379098360657,0.8009426229508197,-0.11966720745559878
402,RWI,35.85625277,-77.89193333,10,8.973600279280928e-06,2,0.7186065573770493,0.8155737704918034,0.5263729508196722,0.7678094262295082,0.5415573770491803,0.04077617313925597
403,SAF,35.61711111,-106.08941666,38,0.0003148835026962,3,0.3465983606557377,0.4508196721311475,0.4777868852459017,0.374998975409836,0.3668032786885246,-0.17234392662492887
404,SAN,32.73356277,-117.18966333,140,0.0059786745276084,3,0.101905737704918,0.1127049180327868,0.5631352459016393,0.0947889344262294,0.1045081967213114,0.02460104664286769
405,SAT,29.53395833,-98.46905694,150,0.0041504145882793,2,0.0840163934426229,0.1454918032786885,0.4855122950819672,0.100547131147541,0.1557377049180328,0.05759183976231352
406,SAV,32.12758333,-81.20213888,107,0.0024829384491998,1,0.2151844262295082,0.2172131147540983,0.4811885245901639,0.222483606557377,0.2971311475409836,-0.029463354494280364
407,SBA,34.42619166,-119.84149277,61,0.0009881710941624,3,0.2911680327868852,0.3155737704918033,0.5287704918032787,0.2953709016393442,0.2254098360655737,-0.13953083220812068
408,SBD,34.09536111,-117.23488888,44,0.0002373848227855,3,0.5138934426229509,0.4836065573770492,0.5075204918032787,0.4902776639344263,0.2172131147540983,-0.025700665474972517
409,SBN,41.70822388,-86.3173375,146,0.0083739300370346,4,0.0810655737704918,0.0758196721311475,0.4907991803278688,0.0626567622950819,0.0655737704918032,0.013941379510861315
410,SBP,35.2372725,-120.64260277,38,0.000265772812836,3,0.3543647540983607,0.4774590163934426,0.5096311475409836,0.3962827868852459,0.2397540983606557,-0.150665874958554
411,SBY,38.34018944,-75.50947805,15,2.947556910264561e-05,1,0.7003483606557377,0.7049180327868853,0.527172131147541,0.7103709016393442,0.8007991803278689,0.006735156399002906
412,SCC,70.19475411,-148.46516486,3,0.0,0,0.7385450819672132,0.9897540983606558,0.4772950819672131,0.7432059426229508,0.7843647540983607,0.0758095768671555
413,SCK,37.89441027,-121.23874,13,2.614502919077606e-06,3,0.8345491803278688,0.8729508196721312,0.5437295081967213,0.8305317622950821,0.7676024590163935,0.15760210316263212
414,SDF,38.174085,-85.73649361,186,0.0100184320411903,1,0.0348360655737704,0.0635245901639344,0.4971311475409836,0.039858606557377,0.0799180327868852,0.1321953691470924
415,SDP,55.31369527,-160.52142472,8,2.909435914480658e-05,0,0.4540983606557377,0.7110655737704918,0.4604508196721311,0.5811290983606557,0.5599385245901639,-0.060882120260390526
416,SDY,47.70686111,-104.19255555,3,6.035826250291228e-07,3,0.7992008196721312,0.8954918032786886,0.5156352459016393,0.7979467213114754,0.8094672131147541,0.07379579591396412
417,SEA,47.44988888,-122.31177777,144,0.0253260415424614,3,0.0901639344262295,0.0122950819672131,0.4775,0.0704231557377049,0.0102459016393442,-0.13458238340622014
418,SFB,28.77717805,-81.23491361,116,0.0022797552842188,1,0.1147540983606557,0.2274590163934426,0.525655737704918,0.1255993852459017,0.2049180327868852,-0.07860283768276238
419,SFO,37.61880555,-122.37541666,149,0.0093229489851508,3,0.0860655737704918,0.0655737704918032,0.535266393442623,0.0793176229508196,0.0594262295081967,0.02839695903591686
420,SGF,37.24566138,-93.38862694,109,0.003973787710058,4,0.1520901639344262,0.1536885245901639,0.4938729508196721,0.1205440573770491,0.1413934426229508,-0.08242722667125243
421,SGU,37.03637805,-113.51030277,41,0.0005529117113288,3,0.3491803278688525,0.389344262295082,0.5041803278688525,0.3237930327868852,0.2540983606557377,-0.21008943797166124
422,SHD,38.26383333,-78.89644444,20,0.0001769079912032,1,0.6454303278688526,0.5307377049180328,0.5379918032786886,0.6186290983606557,0.7982172131147541,-0.06057146849249262
423,SHR,44.76919444,-106.98027777,12,8.942478304500849e-05,3,0.4660655737704918,0.6086065573770492,0.5018237704918033,0.4498360655737706,0.4610655737704918,-0.22891421128910366
424,SHV,32.44651527,-93.82604,100,0.0030706677006153,2,0.2245081967213115,0.1823770491803278,0.5309426229508197,0.2429385245901639,0.2684426229508196,-0.04753605337749989
425,SIT,57.04683436,-135.36106869,10,0.0020933829573109,0,0.4338319672131148,0.235655737704918,0.496516393442623,0.6373340163934427,0.5501434426229509,-0.011000970648567865
426,SJC,37.36299472,-121.92862055,135,0.008239154443053,3,0.1127049180327868,0.0778688524590164,0.5642622950819672,0.1027151639344262,0.0901639344262295,-0.011237620928394254
427,SJT,31.35774833,-100.49630416,34,0.0004146693468738,2,0.3314344262295082,0.4241803278688524,0.5261270491803279,0.3277151639344263,0.3381147540983606,-0.2796050640310936
428,SJU,18.43939916,-66.00213333,83,0.001413348733842,1,0.308483606557377,0.290983606557377,0.5058811475409837,0.3159405737704919,0.4098360655737705,-0.05038994776651262
429,SLC,40.78839333,-111.97777333,191,0.024480912472785,3,0.0286885245901639,0.0143442622950819,0.5098975409836066,0.0147971311475409,0.0122950819672131,0.05739175940446153
430,SLE,44.90952777,-123.0025,9,5.797789973078233e-05,3,0.6860655737704918,0.6516393442622951,0.4972336065573771,0.7027889344262295,0.5196926229508197,0.00891987733347388
431,SLK,44.38530805,-74.20618138,14,4.064317809568976e-05,1,0.5866803278688525,0.6782786885245902,0.507110655737705,0.6791147540983608,0.5311270491803279,-0.029734380971566665
432,SLN,38.79061111,-97.65222222,42,0.0005457737553922,3,0.5571516393442623,0.3934426229508196,0.4998360655737704,0.5420256147540984,0.5102459016393442,0.01332418544650582
433,SMF,38.69544444,-121.59077777,104,0.0043781798099869,3,0.1901844262295082,0.1393442622950819,0.5373360655737706,0.192327868852459,0.125,-0.04946658580023955
434,SMX,34.89994444,-120.45808333,14,1.2358761839580324e-05,3,0.7190368852459017,0.7930327868852459,0.5030737704918034,0.7436250000000001,0.8023155737704918,0.07574085891966531
435,SNA,33.67566194,-117.86823305,118,0.0062470151947465,3,0.1400409836065574,0.1086065573770491,0.5062295081967213,0.134108606557377,0.1004098360655737,-0.050955708500289076
436,SOW,34.26547166,-110.0056625,2,0.0,3,0.8238934426229508,0.9918032786885248,0.4931352459016394,0.8253145491803279,0.788360655737705,0.09604472818339915
437,SPI,39.84461361,-89.67754666,32,7.539551933720024e-05,1,0.8026639344262295,0.6270491803278689,0.4902254098360655,0.8131752049180327,0.7887909836065574,0.19627442888175906
438,SPS,33.9888,-98.49190555,50,0.0004584361935466,2,0.3086475409836066,0.4098360655737705,0.4314959016393442,0.3359272540983606,0.4241803278688524,-0.18976446135294106
439,SRQ,27.39544444,-82.55438888,113,0.0013561542519167,1,0.1885860655737705,0.2930327868852459,0.4671516393442623,0.2049620901639344,0.2950819672131147,-0.0071970705715370675
440,STC,45.54622222,-94.05938888,5,1.174870604258222e-06,4,0.8237500000000001,0.8852459016393444,0.475922131147541,0.8233247950819674,0.8047745901639345,0.11937493992326342
441,STL,38.74869822,-90.37002572,155,0.0082351741914769,2,0.0748360655737705,0.0799180327868852,0.4386680327868852,0.0835235655737705,0.1086065573770491,0.033396227668367175
442,STS,38.50969444,-122.81288888,37,0.0008215751107341,3,0.4791393442622951,0.3340163934426229,0.5331352459016394,0.4565502049180328,0.5380737704918033,-0.09998394750106288
443,STT,18.33730555,-64.97333333,39,9.968679717519286e-05,1,0.5289959016393443,0.5942622950819673,0.5353278688524591,0.626298155737705,0.6796311475409836,0.04506856579445562
444,STX,17.70153694,-64.8019825,11,3.48293358240378e-06,1,0.7343852459016393,0.8565573770491803,0.4662909836065574,0.7335850409836067,0.8051024590163934,0.009662990171073305
445,SUN,43.50378055,-114.29555833,27,0.0001318105712599,3,0.6477254098360655,0.5676229508196722,0.5050409836065575,0.658326844262295,0.6837295081967214,0.05609242556682226
446,SUS,38.66211111,-90.65205555,22,0.0004304867352752,3,0.5474795081967214,0.4200819672131147,0.4967418032786885,0.5326198770491803,0.6775819672131148,-0.09763089420721593
447,SUX,42.40130555,-96.38441666,26,0.0004504470781663,4,0.3531762295081967,0.4118852459016394,0.5326844262295082,0.3478657786885246,0.3155737704918033,-0.2520920877778103
448,SVC,32.63654694,-108.156385,4,3.0983908084828308e-06,3,0.644016393442623,0.8627049180327869,0.5008811475409837,0.6598831967213117,0.5804098360655738,-0.05916401504892377
449,SWF,41.50411111,-74.10483333,63,0.0010129401994371,1,0.3829508196721312,0.3135245901639344,0.5773770491803278,0.3839948770491804,0.4344262295081967,-0.08159614951413546
450,SWO,36.16138944,-97.08589333,40,0.000286293476496,2,0.5090778688524591,0.4631147540983606,0.4638729508196721,0.5590624999999999,0.4118852459016394,-0.01648473441707976
451,SYR,43.11118138,-76.10632055,103,0.0024838304386028,1,0.2346516393442623,0.2151639344262295,0.4787295081967213,0.2436659836065574,0.3463114754098361,-0.028783101603712724
452,TBN,37.74163888,-92.14072222,7,2.0193259083608735e-05,2,0.8208401639344263,0.7479508196721312,0.4649795081967213,0.8296967213114753,0.8050614754098361,0.0872021787380508
453,TCL,33.22062888,-87.61140388,47,0.0003098784572109,2,0.6631762295081968,0.4549180327868852,0.5139959016393443,0.564452868852459,0.7848975409836065,0.024582490387928813
454,TEB,40.85010194,-74.06083333,142,0.0154874997053593,1,0.0808196721311475,0.0368852459016393,0.4785655737704918,0.0453350409836065,0.0532786885245901,-0.13167619684160417
455,TEX,37.95380555,-107.90875,8,2.9045834866665367e-06,3,0.8412909836065574,0.8668032786885246,0.5575819672131148,0.8231772540983604,0.8067827868852459,0.12462656177139364
456,TIX,28.5147975,-80.79922722,5,3.13990231742152e-06,1,0.8486680327868853,0.8586065573770493,0.4950819672131147,0.8262366803278688,0.8110245901639345,0.07157493776959645
457,TLH,30.39675416,-84.35086888,78,0.0008232174404297,1,0.2946926229508197,0.3299180327868852,0.4493852459016394,0.2997223360655737,0.4077868852459017,-0.08748956145709469
458,TOL,41.58681666,-83.80782666,66,0.0008003712570513,2,0.3292008196721311,0.3381147540983606,0.5011885245901639,0.3248473360655738,0.3811475409836066,-0.12160943729534451
459,TPA,27.97546944,-82.5332475,155,0.0077394976147186,1,0.0747540983606557,0.0901639344262295,0.4635655737704918,0.0888442622950819,0.1209016393442623,0.04063939435444633
460,TRI,36.47520888,-82.407415,37,0.000173929190809,1,0.4271516393442623,0.5389344262295083,0.5096106557377049,0.4157581967213115,0.4159836065573771,-0.17631486209679975
461,TTN,40.27669444,-74.81347222,30,0.0001955584372777,1,0.4572131147540983,0.5122950819672132,0.5465163934426229,0.4620276639344262,0.3217213114754098,-0.16608521184553693
462,TUL,36.19839333,-95.88810527,133,0.0040079553863824,2,0.1431762295081967,0.151639344262295,0.537172131147541,0.1367254098360655,0.1577868852459016,0.0078101262043192565
463,TUP,34.269,-88.76988888,42,0.0003475931738129,2,0.5122540983606557,0.4426229508196722,0.4843852459016393,0.4251793032786886,0.4282786885245901,-0.14061253779193883
464,TUS,32.11706819,-110.9414628,114,0.0037492862039712,3,0.1748565573770492,0.1618852459016393,0.5302868852459016,0.183077868852459,0.165983606557377,-0.0024306804180922736
465,TVC,44.74157861,-85.58187,40,0.0003896902194765,1,0.4996516393442623,0.4364754098360656,0.5021311475409836,0.592518442622951,0.5610860655737705,0.014084566739947069
466,TVF,48.06567722,-96.18499527,6,6.154713737039388e-07,4,0.8323975409836065,0.8934426229508197,0.5099590163934427,0.8220245901639345,0.802438524590164,0.12320296653925067
467,TWF,42.48180916,-114.48773611,23,2.554730871785661e-05,3,0.7455532786885246,0.7233606557377049,0.5062500000000001,0.7601178278688525,0.6602459016393443,0.13824148280693782
468,TXK,33.45371638,-93.99103055,24,0.0001070456729539,2,0.8491188524590164,0.5922131147540984,0.496516393442623,0.8202264344262294,0.7946311475409836,0.16413827226436406
469,TYR,32.35354722,-95.40297777,21,8.206644125617359e-05,2,0.4395286885245902,0.6168032786885246,0.4844877049180328,0.4608995901639345,0.4569672131147541,-0.2103592718448169
470,TYS,35.81109111,-83.99406722,136,0.0033689759770618,1,0.110655737704918,0.1721311475409836,0.5195286885245902,0.1258954918032787,0.2090163934426229,0.01542427639937037
471,UIN,39.94227527,-91.19240444,6,8.041037023975926e-06,4,0.8131147540983608,0.8237704918032788,0.4532991803278688,0.8175553278688525,0.8042418032786887,0.11867409489173819
472,UOX,34.38433333,-89.53680555,20,3.7556663181226166e-05,2,0.767827868852459,0.6844262295081968,0.4940573770491803,0.7393094262295082,0.7783606557377049,0.06328412929595018
473,VCT,28.85420583,-96.91873222,8,2.303545958409532e-05,2,0.5923155737704918,0.7356557377049181,0.506516393442623,0.6359661885245902,0.8175,-0.10142742914258418
474,VCV,34.59552611,-117.38266222,12,7.214986039866901e-06,3,0.8276229508196722,0.8299180327868853,0.50375,0.8272315573770491,0.7960040983606558,0.14914122656996764
475,VDZ,61.13422194,-146.24476805,4,0.0,0,0.7774385245901639,0.9938524590163936,0.5122950819672132,0.7671649590163935,0.8152049180327869,0.10489233417027355
476,VEL,40.43607777,-109.5114225,5,4.672968393236786e-05,3,0.5218237704918033,0.6721311475409837,0.4496106557377049,0.502126024590164,0.5819262295081968,-0.21214770014347673
477,VLD,30.78146444,-83.27597166,5,1.564843842668096e-07,2,0.8295491803278688,0.9139344262295084,0.5003483606557377,0.8264446721311476,0.7843032786885247,0.07386349463150854
478,VPS,30.48321941,-86.52604433,60,0.0002833378058859,2,0.3286680327868852,0.4672131147540984,0.5411475409836065,0.3591485655737705,0.3934426229508196,-0.11390012375553166
479,VPZ,41.45397222,-87.00708333,2,0.0,4,0.8194467213114754,0.9959016393442623,0.5052049180327869,0.8147530737704919,0.811844262295082,0.09544142725529359
480,VRB,27.655555,-80.41795416,20,1.7902357202875215e-05,1,0.8388934426229508,0.7663934426229508,0.5141598360655738,0.8283206967213115,0.7939754098360656,0.15039656096068588
481,WRG,56.48433333,-132.36983333,7,0.0,0,0.8226434426229509,0.9979508196721312,0.5142213114754098,0.6814344262295082,0.8042418032786887,0.034533024112414656
482,WYS,44.68838888,-111.11763888,2,0.0,3,0.8242213114754099,1.0,0.5047745901639344,0.8131127049180329,0.8059016393442623,0.08384288392110417
483,XNA,36.28157916,-94.30776555,109,0.0031574932775118,2,0.195,0.180327868852459,0.4856967213114754,0.1706188524590163,0.1721311475409836,-0.07443905693842909
484,XWA,48.25978361,-103.75055666,18,0.0005172656696599,3,0.5986065573770493,0.4016393442622951,0.5365983606557377,0.6166854508196723,0.8221926229508197,-0.034756909265602376
485,YAK,59.50332333,-139.66026805,10,8.149341416876545e-05,0,0.5333606557377049,0.6188524590163935,0.4868032786885246,0.6793463114754097,0.0184426229508196,0.04716193685498604
486,YIP,42.24027388,-83.53146111,124,0.009225149496825,2,0.1057786885245901,0.0676229508196721,0.4812090163934426,0.0701127049180328,0.1188524590163934,-0.14679771116564783
487,YKM,46.56816722,-120.5440625,23,0.0002196922868736,3,0.4029303278688524,0.5,0.5493237704918033,0.4032715163934426,0.3360655737704918,-0.22016334379992109
488,YNG,41.26158972,-80.68036638,10,1.6127618620930736e-05,4,0.7410655737704918,0.7766393442622951,0.477233606557377,0.7536649590163934,0.8018852459016393,0.07521377396447482
