node,original_id,lat,lon,community_id,seamless_mavg,degree,betweenness
47230,48515,35.2264751,-119.6309643,101,0.3117906298708527,2,2.7833832022823745e-05
16908,17295,36.0735872,-87.949172,46,0.3118764542974838,2,2.7833832022823745e-05
24104,24612,37.6563833,-89.5110072,68,0.311986062402583,2,2.7833832022823745e-05
14080,14424,31.55768,-84.055228,74,0.3123601369405478,2,2.783383202282373e-05
25117,25655,41.2362338,-77.0068272,9,0.3130598279893121,2,2.7833832022823745e-05
56813,58569,35.0974419,-89.8307859,40,0.3131968589957693,2,3.8736649348433967e-10
6268,6361,39.0393389,-94.571498,2,0.3137211019260744,2,2.7833832022823745e-05
36007,36855,28.8431554,-81.3254635,3,0.3137242401469605,2,1.9368324674216984e-10
70189,72641,32.6320353,-96.9461021,107,0.3144331927744377,2,2.7833832022823745e-05
57535,59303,40.9012298,-76.8165197,9,0.3144718255956357,2,1.9368324674216984e-10
105,105,41.7160861,-71.1567698,53,0.3144822144288577,2,2.7833832022823745e-05
24204,24715,25.7133111,-80.3654027,6,0.3148830925740369,2,1.5107293245889246e-08
1097,1112,44.4793148,-73.0955783,19,0.3151831997327989,2,2.7833832022823745e-05
69411,71630,47.4560638,-122.243023,84,0.3154138206969494,2,2.7833832022823745e-05
70387,72851,35.9530115,-101.8925362,30,0.315539968826542,2,2.7833832022823745e-05
50580,51988,32.5588998,-97.3175804,99,0.3159107659763972,2,2.7833832022823745e-05
5752,5835,37.869751,-99.79641,11,0.3159532954798486,2,2.7833832022823745e-05
4326,4383,30.3200964,-91.8580667,61,0.3160099574148297,2,2.7833832022823745e-05
26914,27482,41.9825858,-91.6677692,17,0.3167251169004675,2,2.7833832022823735e-05
37217,38097,45.9749743,-94.3692942,77,0.3167443219772879,2,2.7833832022823735e-05
23762,24265,43.0527963,-76.280839,45,0.316774618681808,2,1.291221644947799e-10
4440,4499,43.7969081,-87.9072513,59,0.3168562541750166,2,3.969274212276389e-06
17983,18388,42.7334929,-78.8326647,48,0.3168789732242262,2,2.7833832022823745e-05
51093,52525,29.0787492,-95.757872,110,0.3169936678913383,2,2.7833832022823745e-05
67714,69863,39.6977213,-105.1931453,14,0.3170018439657092,2,2.7833832022823745e-05
59398,61224,42.7739956,-82.4820807,25,0.3171287088065018,2,2.7833832022823745e-05
3396,3446,25.7775373,-80.314186,6,0.3171885020040079,2,2.7833832022823745e-05
49858,51230,33.8196173,-117.8714879,109,0.3172066772433756,2,2.783383202282375e-05
47703,48995,36.2191204,-115.2778389,100,0.3174088106769093,2,2.7833832022823745e-05
22122,22597,38.6813056,-90.5439788,68,0.3175157676464039,2,2.7833832022823745e-05
70608,73090,35.1943564,-119.5712623,101,0.317596213259853,2,2.7833832022823745e-05
25007,25545,40.2039117,-80.8821372,16,0.3178369099309731,2,2.7833832022823745e-05
24516,25046,40.7471657,-73.4975091,9,0.3178556557559563,2,2.7833832022823745e-05
6269,6362,44.5496131,-88.0706579,47,0.3178657314629258,2,1.9448741494628767e-05
28128,28774,40.8752443,-72.8746741,32,0.3179065144177243,2,2.7833832022823745e-05
70747,73244,26.1667924,-98.3239639,103,0.3179302493876642,2,7.724687375841459e-08
36131,36992,26.698447,-81.7827342,44,0.3179868069472277,2,3.8736649348433967e-10
50390,51787,37.9833662,-121.727941,106,0.3179910585059007,2,2.7833832022823735e-05
8057,8229,41.8257825,-90.201448,17,0.3181065603429081,2,2.7833832022823745e-05
7167,7293,26.2881143,-80.2358555,6,0.3181874512914718,2,1.6768950480521928e-05
47691,48983,29.6014347,-95.0144318,110,0.3182704297483856,2,8.784033251393578e-06
49052,50391,29.9678683,-95.3695004,110,0.3182961200178135,2,2.7833832022823745e-05
22380,22859,44.2023325,-89.8090387,47,0.3183135646292586,2,2.7833832022823745e-05
70456,72927,39.1343584,-120.9532628,106,0.3183452182142062,2,2.7833832022823745e-05
35669,36502,35.0025379,-81.0518952,8,0.3183828768648408,2,2.7833832022823745e-05
16493,16872,40.2779624,-81.8645078,16,0.3185855808839902,2,2.7833832022823745e-05
15509,15876,43.0018491,-78.8378669,48,0.3187141226898241,2,1.9368324674216984e-10
53462,55009,39.2364,-121.271741,106,0.3187393119572478,2,2.783383202282375e-05
13980,14323,44.0007921,-75.9618659,45,0.3188537700400801,2,2.7833832022823745e-05
31876,32615,38.3616535,-85.8220935,80,0.3190035278891115,2,4.896088652990945e-07
30850,31577,34.7658174,-91.2453439,73,0.3190492304052549,2,2.7833832022823745e-05
15152,15513,42.3658684,-77.6827999,5,0.3190642604653751,2,2.7833832022823745e-05
28696,29356,42.8381826,-75.5977737,5,0.3191646974504565,2,2.7833832022823745e-05
46244,47358,30.121398,-94.6329509,61,0.3193396236918281,2,2.783383202282373e-05
36107,36967,36.5726555,-99.2990641,104,0.3193493793141839,2,2.7833832022823745e-05
22967,23456,40.91725,-76.8142026,9,0.3193982270095746,2,2.7833832022823745e-05
69654,71907,40.0359286,-109.4192293,97,0.3194117540636829,2,2.7833832022823745e-05
71604,74225,33.9125634,-118.4141953,109,0.3194799181696727,2,2.7833832022823745e-05
49688,51054,34.2397452,-111.3347436,108,0.3195114465041194,2,2.7833832022823745e-05
70735,73231,34.1971593,-119.1743113,116,0.3195377073591628,2,2.7833832022823745e-05
69392,71610,45.3302,-122.5063909,86,0.3195511300378534,2,1.291221644947799e-10
19018,19442,40.3537012,-80.0875842,16,0.3195519650411935,2,2.7833832022823745e-05
52263,53748,27.8142983,-97.427003,103,0.3196111737363616,2,2.7833832022823745e-05
28579,29236,32.4171245,-83.63091,51,0.3197402513360053,2,1.961631392876168e-05
53342,54885,35.6015783,-119.726086,101,0.3197475436985081,2,2.7833832022823745e-05
40013,40922,39.9860189,-105.010058,14,0.3197757668114005,2,2.1675779327566617e-05
9309,9604,38.7048318,-76.6473084,49,0.3197934897572924,2,2.7833832022823745e-05
11196,11510,37.4730408,-77.6371986,28,0.3198025843353373,2,2.7833832022823745e-05
50808,52224,33.9535494,-98.6837051,99,0.3198345510465374,2,2.7833832022823745e-05
68352,70508,39.0941495,-106.3522965,97,0.3198430889556892,2,2.7833832022823745e-05
47279,48566,31.9304229,-106.5978077,113,0.319867909429971,2,2.7833832022823745e-05
24751,25284,39.4645752,-84.3768701,33,0.3198981295925184,2,2.7833832022823745e-05
41487,42405,45.6747024,-120.3106156,94,0.3199894232910265,2,2.7833832022823745e-05
31647,32383,38.398348,-87.7746006,68,0.3199956371075484,2,2.7833832022823745e-05
24621,25152,39.3487954,-81.3107806,50,0.3200906674460031,2,2.7833832022823745e-05
44402,45400,48.0850673,-105.6409109,90,0.320092121743487,2,2.7833832022823745e-05
10505,10818,47.9850675,-102.5778586,36,0.3201786280895125,2,2.7833832022823745e-05
16201,16577,37.1525902,-80.4115277,12,0.3201873051658873,2,2.7833832022823745e-05
36335,37199,43.105574,-82.6976241,25,0.3202030658539301,2,1.9368324674216984e-10
38367,39262,39.20617,-77.670078,20,0.3202036642729904,2,2.7833832022823745e-05
13461,13797,40.7623774,-82.5109615,16,0.3202349142729904,2,2.7833832022823745e-05
7923,8063,35.0785008,-85.0697128,63,0.3202548499777332,2,2.7833832022823745e-05
67695,69844,39.4011984,-103.7348954,14,0.320271195168114,2,2.7833832022823745e-05
71470,74061,34.0407741,-117.8218578,115,0.3203323522044088,2,2.7833832022823745e-05
45171,46192,46.584466,-120.5561015,88,0.3203427967045202,2,2.402262271288268e-06
42279,43200,44.0275929,-112.7193918,89,0.3203526706190158,2,2.7833832022823745e-05
44883,45888,47.4670819,-122.2395056,84,0.320391484357604,2,2.7833832022823745e-05
36419,37285,25.4759049,-80.4691872,6,0.3205137845134714,2,2.7833832022823745e-05
21779,22249,38.2704707,-94.3270393,2,0.3206297108105099,2,2.7833832022823745e-05
50521,51924,32.6335012,-106.3297401,113,0.3207452335226007,2,2.7833832022823745e-05
49164,50507,26.203368,-98.2843329,103,0.3208567064684925,2,7.724687375841459e-08
899,911,35.4715841,-97.720413,104,0.3209295396348252,2,2.775795614976191e-05
47990,49294,29.643248,-95.0404414,110,0.3209469077042975,2,2.783383202282373e-05
46038,47132,33.3635067,-112.1622124,108,0.3209506095524382,2,2.7833832022823735e-05
47886,49185,36.1105826,-115.1796555,100,0.3209652708194166,2,1.9368324674216984e-10
4893,4959,38.367761,-81.6647365,13,0.3209695571698953,2,2.7833832022823745e-05
22534,23019,45.0724996,-83.4118642,34,0.3209907453796481,2,2.7833832022823745e-05
46458,47597,38.6946442,-120.8247442,106,0.321027624693832,2,2.7833832022823745e-05
48523,49849,32.2599943,-96.8927719,107,0.3210838065018927,2,2.7833832022823745e-05
71790,74455,27.8110612,-97.5960364,103,0.3212760173124026,2,2.7833832022823745e-05
28972,29646,33.9584227,-84.0952958,51,0.321373705744823,2,1.387080037457065e-05
53162,54699,37.3816943,-121.9783587,106,0.3214295396348252,2,2.7833832022823745e-05
70416,72881,37.8646817,-122.0804418,106,0.321479431084391,2,1.291221644947799e-10
47626,48916,40.4606855,-117.1746541,100,0.3214872314072589,2,2.7833832022823745e-05
51808,53272,29.7286377,-95.0823938,110,0.3214953866065465,2,1.9368324674216984e-10
47266,48553,33.9902469,-118.394045,109,0.3215178899465598,2,2.7833832022823745e-05
45487,46532,42.8137215,-107.6061846,82,0.3215712605767089,2,2.783383202282375e-05
40049,40958,39.9562572,-104.9810663,14,0.3216404614785125,2,4.403278843905698e-06
31077,31804,38.7237584,-90.4435586,68,0.3216874234580272,2,2.7833832022823745e-05
19635,20073,25.7731709,-80.4162575,6,0.3217085838343353,2,2.7799616883490517e-05
31644,32379,37.3794975,-77.4534447,28,0.321740070418615,2,2.7833832022823745e-05
7413,7540,38.1387685,-85.8397401,43,0.321740863671788,2,2.6092460392541436e-07
41164,42082,40.7061326,-111.9507341,85,0.3217939698842129,2,3.8736649348433967e-10
14821,15175,37.9057706,-81.8415151,13,0.3219727580160321,2,2.7833832022823745e-05
46777,47977,32.922556,-94.717411,83,0.3220194694945446,2,2.7833832022823745e-05
11529,11847,41.1134103,-85.0700947,18,0.322051234413271,2,3.8736649348433967e-10
18606,19022,39.5649,-77.7287,20,0.3220572951458472,2,2.7833832022823745e-05
44810,45813,44.6684666,-123.0614755,94,0.3220851355488755,2,2.497203992583396e-05
9054,9343,36.9466263,-88.1163721,41,0.3221674460031173,2,2.7833832022823745e-05
70054,72416,32.898201,-97.822586,99,0.3222535765976397,2,2.7833832022823745e-05
49755,51124,38.7454593,-121.2678777,114,0.3222967462703184,2,2.7833832022823745e-05
15065,15425,45.1407641,-70.4247003,19,0.3223922080271654,2,2.7833832022823745e-05
40217,41126,43.013208,-106.0077622,82,0.322466370240481,2,2.7833832022823745e-05
22717,23205,39.1396996,-77.6160805,20,0.3224703434647072,2,2.7833832022823745e-05
20682,21137,37.8673576,-78.3794277,20,0.3225595079046983,2,2.7833832022823745e-05
42511,43438,44.7224529,-122.251189,94,0.3225781145624583,2,2.7833832022823745e-05
41556,42474,39.2347493,-104.6826457,112,0.322646821420619,2,2.7833832022823745e-05
42197,43115,42.0995048,-113.3836095,91,0.3227173026608773,2,2.7833832022823745e-05
46704,47878,33.0228336,-102.7665845,105,0.3227439531841461,2,2.7833832022823745e-05
59081,60892,36.4339921,-78.9606564,54,0.3227869976063237,2,2.7833832022823745e-05
4892,4958,37.5735808,-79.3708944,12,0.3227956885994211,2,2.7833832022823745e-05
45944,47036,35.2077771,-114.1015149,100,0.3228256860944111,2,2.7833832022823745e-05
12012,12336,33.2131351,-81.6209688,4,0.3228447311289246,2,6.137634426786677e-06
47297,48584,26.4926293,-98.4483739,103,0.3229009686038744,2,2.7833832022823745e-05
61887,63791,43.7448879,-93.4525834,64,0.3229415010576709,2,2.7833832022823745e-05
24876,25413,33.7703645,-84.2104941,51,0.3230297261189045,2,1.6060386909538416e-06
59378,61203,39.9539942,-83.0037418,33,0.3230347430973057,2,4.904526178047223e-07
13286,13621,42.1763298,-78.7447979,48,0.3230359886439545,2,2.7833832022823745e-05
57361,59126,42.8308113,-78.7803323,48,0.3231832136495213,2,2.7833832022823745e-05
54524,56188,43.0640096,-76.2155632,45,0.3231890377978178,2,1.3365289907093468e-06
28139,28785,41.4787833,-74.0445637,31,0.3231993570474282,2,1.9368324674216984e-10
18349,18759,40.8275455,-73.6873643,9,0.3232721762970384,2,2.7833832022823745e-05
55334,57017,43.5959503,-83.9390323,25,0.3232938376753507,2,1.6126894013704128e-06
25482,26025,36.7383835,-88.6535921,40,0.3232956746826987,2,1.9368324674216984e-10
52146,53625,30.005588,-97.4044213,102,0.3233166193498107,2,1.0171831572603743e-05
27420,27999,27.7408152,-80.4624009,3,0.3233574927633044,2,8.643591408143053e-08
42839,43782,37.794749,-113.2735649,92,0.3236051477955911,2,2.7833832022823745e-05
38721,39622,33.2997777,-84.592621,51,0.3237395415831663,2,2.7833832022823745e-05
51540,52992,33.1125565,-97.1043117,107,0.323756053774215,2,1.3906939479602292e-05
51338,52778,34.1147594,-118.2458657,100,0.3237600061233578,2,2.7833832022823745e-05
46873,48106,32.8714869,-102.9326173,105,0.3238329158316633,2,2.7833832022823745e-05
42169,43087,47.1603367,-117.3526021,96,0.3238762246715653,2,2.7833832022823745e-05
38135,39026,37.6889977,-77.6835524,28,0.3240920312847918,2,1.3038514346739483e-05
44535,45533,46.7175584,-107.8320246,96,0.3241754133266533,2,2.7833832022823735e-05
58873,60682,34.7022788,-83.6883665,51,0.3242287422066355,2,1.9124585077316004e-05
58321,60111,34.668285,-92.3617907,62,0.3242589067022934,2,1.622475405969871e-05
26500,27064,34.0060202,-84.5810478,51,0.3243223182476062,2,1.83307358523839e-08
22891,23380,37.3581556,-81.0016214,13,0.3243760159207304,2,2.7833832022823745e-05
8069,8241,31.361336,-86.519108,22,0.3244767938655087,2,2.7833832022823735e-05
68589,70754,40.0727318,-111.5798549,85,0.3244791736250279,2,2.7833832022823745e-05
36066,36921,40.5892172,-74.1971985,9,0.3244928607214429,2,2.783383202282375e-05
10452,10765,42.0790499,-86.1661183,18,0.3245155658539301,2,2.7833832022823745e-05
59095,60907,41.6470244,-81.2402562,79,0.3245531479625919,2,1.291221644947799e-10
28694,29354,40.2833371,-80.0586538,16,0.3245882946448453,2,2.3048194504071012e-05
53852,55496,41.5165462,-90.4206582,17,0.3246106240258294,2,1.391244855221147e-05
27770,28405,28.4012035,-81.4532802,3,0.3247329241816968,2,3.0028925211551405e-07
44895,45900,47.4086815,-121.9755125,84,0.3247455675239368,2,1.6331631058044118e-05
31683,32421,27.895277,-81.917872,44,0.3248367150968604,2,2.7833832022823735e-05
25598,26141,36.1893134,-81.2358298,8,0.3249238546537519,2,2.7833832022823745e-05
50503,51904,29.0323837,-95.3390473,110,0.3249509018036071,2,5.332772277039298e-06
39202,40108,41.867506,-122.4641525,87,0.3249564684925406,2,2.7833832022823745e-05
50843,52261,32.7686734,-108.2743767,113,0.3250568706858161,2,2.7833832022823745e-05
9502,9814,41.1435992,-92.644277,17,0.3251393342240035,2,7.605295488742536e-09
45039,46051,47.355554,-122.0190691,84,0.3251693247606324,2,1.8937767760722956e-05
22885,23374,25.9543284,-80.1446658,6,0.325200352093075,2,2.7833832022823735e-05
51653,53109,32.1887084,-110.7717769,108,0.3252155143620575,2,2.59188606420274e-05
34798,35604,39.9449982,-74.0968841,27,0.3252764765642396,2,2.783383202282375e-05
23933,24438,33.2536569,-93.233094,62,0.3252840124693832,2,1.854110966389003e-06
38286,39179,37.3840474,-79.2149965,12,0.3255323633377867,2,1.754786355754623e-07
70221,72676,37.6922595,-121.4166536,106,0.3256542529503451,2,3.319755142874716e-08
36249,37112,41.96313,-83.2575319,25,0.3257067885771543,2,1.3883423054871348e-05
42838,43781,37.703085,-113.1648606,92,0.3257660042306836,2,2.7833832022823745e-05
34370,35155,36.968357,-82.7316195,43,0.3257926895457582,2,2.7833832022823745e-05
70618,73101,33.8277308,-118.376595,109,0.3258179762302383,2,2.7833832022823745e-05
15062,15422,36.7642976,-76.3434603,28,0.3258868152972612,2,4.6483979218120757e-10
66408,68517,40.1464911,-74.7413094,27,0.3259044338677354,2,1.9368324674216984e-10
14619,14969,38.683309,-92.0942125,2,0.3259915107993766,2,8.379777584409173e-06
18397,18807,31.338956,-89.2682302,67,0.3260383196949454,2,1.291221644947799e-10
18589,19003,40.1999753,-78.9329032,79,0.3260584641505232,2,5.747873152485129e-08
10142,10455,37.715722,-97.290565,35,0.3260747327989312,2,2.7737857405554853e-08
20309,20758,35.3038146,-78.0602769,54,0.3261073188042752,2,2.7833832022823745e-05
5480,5557,27.8873942,-81.44921,3,0.3261350757069695,2,2.783383202282373e-05
27031,27605,43.0823634,-79.0032895,48,0.3261681279225117,2,2.7833832022823745e-05
59403,61229,41.5881163,-81.2114039,79,0.3262321726786907,2,1.291221644947799e-10
44234,45227,39.1015287,-108.345527,97,0.3263173221442886,2,2.7833832022823745e-05
42404,43330,45.8836195,-106.6116446,82,0.326333486417279,2,1.9368324674216984e-10
26690,27255,39.0253708,-84.6076029,33,0.3264124638165219,2,4.669376732042854e-06
57369,59134,30.7485057,-88.057885,22,0.3266134282453796,2,2.7833832022823745e-05
4972,5041,39.3184915,-80.2514142,50,0.3266415330661322,2,1.388417155279718e-05
51855,53322,33.4410123,-111.9779026,108,0.3266684132153196,2,1.388938513286344e-05
12802,13131,35.4223072,-79.5178402,56,0.3266719898129592,2,2.7833832022823745e-05
48500,49825,38.5357257,-118.1557099,100,0.3267610916276998,2,1.1384988241482369e-05
11506,11823,42.4519271,-71.7374228,53,0.3268016171231351,2,1.291221644947799e-10
21946,22420,41.3164917,-74.1443809,31,0.3268467490536628,2,8.756182250772346e-06
51504,52956,29.3349962,-98.5103638,102,0.3270844397127589,2,1.8328891250034005e-08
25535,26078,39.0436822,-94.6413298,35,0.3271716071030951,2,2.7833832022823745e-05
38793,39696,47.674281,-122.1577639,84,0.3271862196615453,2,1.291221644947799e-10
22925,23414,42.3059867,-83.1739008,25,0.3272336478512581,2,2.783383202282375e-05
42062,42980,47.5506825,-111.0371462,96,0.3273019719995546,2,2.7833832022823745e-05
44333,45330,47.5216878,-111.2611396,96,0.3273026608773102,2,2.7833832022823745e-05
54111,55763,38.8615259,-92.935935,2,0.3274465319527945,2,2.483070875528576e-06
37696,38580,39.7727764,-81.2910216,16,0.3276682810064574,2,2.7833832022823745e-05
23915,24420,26.950741,-80.087142,6,0.3278769552994879,2,2.782569732646056e-05
38057,38948,39.569855,-85.812842,10,0.3279170493765309,2,1.7327898754802442e-05
13202,13533,40.8170217,-81.3958307,16,0.3279461909930973,2,2.7833832022823735e-05
46407,47545,34.3195503,-102.4277078,105,0.3279667042418169,2,7.682768787439402e-09
28170,28817,34.7744402,-84.9631775,63,0.3281682044644845,2,1.9368324674216984e-10
46798,48014,31.6825008,-94.1665109,83,0.3281792334669339,2,2.7833832022823745e-05
19950,20393,45.732067,-68.8386188,19,0.3283228262079715,2,2.7833832022823745e-05
34572,35366,41.098431,-85.173662,18,0.3283253938432421,2,2.7833832022823745e-05
5613,5693,32.8231396,-84.9746848,60,0.328513854097083,2,2.3844571057472743e-05
70519,72998,33.3643862,-111.892853,108,0.3285239645958585,2,3.8736649348433967e-10
59101,60913,37.7687415,-81.108432,13,0.3286484983856602,2,1.941057319169918e-05
51736,53198,29.8754078,-97.8513558,102,0.3286861779113783,2,4.679070693194721e-06
29325,30019,26.0305337,-80.2494016,6,0.3288014222890225,2,2.7833832022823745e-05
57284,59049,39.2226585,-88.759278,81,0.3289807949231796,2,2.7833832022823745e-05
67697,69846,39.4541467,-108.0562548,97,0.3290857618013806,2,1.3682332939357978e-06
15032,15392,35.6462578,-91.2197157,73,0.3290868960142507,2,1.586538288892799e-07
15028,15388,41.7059414,-83.6457756,16,0.3290886356045424,2,1.260300545520135e-05
53012,54544,29.6709819,-97.3878239,102,0.3291606546426185,2,1.3404964411030525e-05
34698,35498,42.721602,-72.950377,53,0.329291597083055,2,4.0184878211180567e-08
39030,39936,46.9682022,-123.4798491,95,0.329332066911601,2,2.7833832022823745e-05
51329,52769,31.2579058,-100.816433,99,0.3293783121799154,2,8.881648926936994e-07
10593,10906,40.6385806,-79.3505925,42,0.329447763582721,2,2.7833832022823745e-05
51744,53206,29.5928652,-104.3344485,99,0.3295243820975284,2,2.7833832022823745e-05
16977,17365,38.219348,-80.8908408,13,0.3295444708862168,2,2.7833832022823745e-05
46608,47751,28.9235738,-97.5996569,102,0.3295649284680472,2,2.7833832022823745e-05
53024,54556,29.8986018,-97.9414891,102,0.3298392270652416,2,1.391054952011796e-05
25043,25581,30.1699377,-91.9929577,61,0.3298495254397685,2,2.7833832022823745e-05
17382,17778,40.8398795,-74.0248759,9,0.329895861166778,2,1.9368324674216984e-10
45872,46955,40.4754045,-104.8892802,14,0.3299057002894678,2,2.7833832022823745e-05
20658,21113,39.3972799,-77.9091799,20,0.330049272155422,2,2.6527233947965925e-06
25462,26005,39.2327464,-84.5585117,33,0.3300658191382765,2,1.858098690452381e-08
52164,53644,30.0290182,-97.8659653,102,0.3301569597528391,2,4.611507961547075e-06
15947,16322,41.7619972,-87.7333159,39,0.3301671189601425,2,1.291221644947799e-10
29038,29713,42.7741456,-86.1277433,34,0.3301732144845247,2,2.783383202282373e-05
14212,14557,41.9433011,-70.579604,53,0.3302010896793587,2,2.7833832022823745e-05
37003,37880,45.0435716,-96.9211793,64,0.3302573201959474,2,2.7833832022823745e-05
4960,5029,47.7988525,-103.2874275,36,0.3302923277109775,2,2.7833832022823745e-05
1807,1833,34.7084034,-84.4799691,51,0.3305253423513693,2,1.9368324674216984e-10
20501,20951,43.3597996,-78.6041375,48,0.330697554831886,2,2.7833832022823745e-05
44588,45586,45.778773,-108.4858534,82,0.3307191118347806,2,3.8736649348433967e-10
52916,54443,30.3747046,-95.5175094,61,0.3307191535849477,2,3.8736649348433967e-10
19077,19503,37.7097744,-79.0088316,12,0.3308602204408818,2,2.7833832022823745e-05
46603,47746,28.8461999,-96.9731712,103,0.3309670104097083,2,2.7833832022823745e-05
25192,25730,29.1964703,-82.0546136,57,0.3311311233578268,2,1.5790026405113258e-07
50712,52123,29.8457456,-94.9244804,110,0.3312241566466266,2,2.7833832022823745e-05
50596,52004,32.5940191,-96.4937815,107,0.3312746952237809,2,2.7833832022823745e-05
7999,8171,31.4886038,-82.8401127,74,0.3315643717991538,2,1.9368324674216984e-10
34796,35602,39.6612666,-74.2012651,27,0.3315971178468047,2,2.7833832022823745e-05
27389,27967,41.1042657,-80.6606835,16,0.3317149089846359,2,3.8736649348433967e-10
24649,25181,29.8001229,-81.3038035,3,0.331740738421287,2,3.8736649348433967e-10
98,98,39.1880434,-78.2067266,20,0.3318561706746827,2,1.335582574714556e-05
30570,31297,37.5852712,-90.428705,73,0.3320503715764863,2,1.2425566784970312e-05
32805,33565,34.256168,-84.46905,51,0.3322253465263861,2,5.767272220531827e-08
19617,20055,39.8236862,-85.7711203,10,0.3322334251837008,2,1.672869932204606e-05
59726,61563,35.464231,-94.7916799,38,0.3322558311066578,2,1.9368324674216984e-10
52586,54089,33.847489,-118.309473,109,0.3322607993765308,2,2.7833832022823745e-05
56896,58652,42.0263715,-88.2369086,39,0.3322660111890447,2,1.291221644947799e-10
36108,36968,40.076403,-74.8794627,27,0.3322681404475618,2,1.5375243425773643e-08
51747,53209,33.8166066,-118.1717296,109,0.3324233675684703,2,2.7833832022823745e-05
38672,39572,31.3359596,-81.9498561,75,0.3326386105544422,2,2.7833832022823745e-05
50589,51997,29.7507299,-95.1261886,110,0.3327059396570919,2,3.3306293747116e-07
19802,20243,42.8395558,-76.6790159,5,0.3330418336673346,2,3.8736649348433967e-10
7632,7761,33.091908,-93.38505,62,0.3331203518147406,2,5.6620069130960994e-08
42220,43138,41.8527695,-111.801772,93,0.3332655380204855,2,5.2538836038638664e-08
54586,56252,27.9283863,-82.1060369,44,0.3333052354709419,2,2.7833832022823745e-05
68800,70978,46.0969103,-123.2096946,95,0.3333397767757737,2,2.7833832022823745e-05
8884,9172,40.4648434,-84.7655852,33,0.3334047400356268,2,2.7833832022823745e-05
71231,73788,39.7602765,-121.907052,106,0.3334281270875084,2,3.8736649348433967e-10
47601,48891,34.1689687,-103.3657156,105,0.3335935342908038,2,1.9368324674216984e-10
13460,13796,31.762279,-84.416037,74,0.33361193915609,2,4.6438220003324686e-06
12003,12327,37.71154,-85.87842,43,0.3337369948229793,2,3.292615194616887e-09
69161,71365,48.6038529,-122.8022916,84,0.3339158525384101,2,2.7833832022823745e-05
34367,35152,40.3653265,-76.6471482,42,0.3339277582943665,2,2.7833832022823735e-05
60455,62317,42.7009568,-89.8688176,78,0.3339663841572033,2,2.7833832022823745e-05
22457,22942,40.2450629,-94.3394031,2,0.3339706913827655,2,2.7833832022823745e-05
55057,56734,39.0940235,-76.9030416,49,0.3340718868292139,2,1.291221644947799e-10
29924,30643,35.4939062,-90.9710298,73,0.3340994836896014,2,3.266851388463511e-06
66438,68549,35.7791671,-80.8292533,8,0.33419262831218,2,2.7833832022823745e-05
33862,34636,44.861682,-93.398001,77,0.3343248093409041,2,5.899215111217437e-06
15060,15420,38.0076615,-84.4930061,43,0.3346394455577823,2,2.7833832022823745e-05
36781,37658,35.2537137,-83.1026936,58,0.334676568414607,2,2.7833832022823745e-05
48480,49804,37.3694236,-121.9445013,106,0.334762726842574,2,2.7833832022823745e-05
6910,7012,42.1936824,-89.0689358,39,0.3349603164662659,2,1.291221644947799e-10
23067,23562,37.3909059,-93.796631,73,0.3351024270763749,2,2.7833832022823745e-05
46492,47633,32.0509911,-100.6800922,99,0.3351530978623914,2,2.7833832022823745e-05
53806,55449,34.9556719,-79.7343073,56,0.335242150968604,2,2.7833832022823745e-05
8932,9220,41.0741698,-81.532311,16,0.3353363115119127,2,6.370213071643765e-07
69412,71631,47.4582264,-122.2238622,84,0.3353832247828991,2,2.7833832022823745e-05
1564,1586,27.7472511,-81.8497076,44,0.3353894803495881,2,2.7833832022823745e-05
67517,69663,43.9246064,-122.8057218,94,0.3353936623246493,2,2.7833832022823745e-05
66545,68661,35.8080856,-80.265893,8,0.3354372355822756,2,2.7833832022823745e-05
16954,17342,26.1509588,-80.2185865,6,0.3354886230794923,2,9.33170401506882e-06
52154,53633,33.4460077,-111.6667272,108,0.3355453128479181,2,2.783189519035632e-05
24485,25013,41.2397286,-95.8889673,69,0.3356081050990872,2,1.713985862428444e-05
55349,57033,43.7585333,-75.5420742,31,0.3356305388554888,2,2.7833832022823745e-05
68185,70341,40.6129491,-111.9556134,85,0.3356804720552215,2,2.670351627061136e-05
6676,6776,38.5974198,-90.4735116,68,0.335737106156758,2,1.291221644947799e-10
48088,49395,32.7074726,-117.245084,115,0.3358863769205078,2,2.7833832022823745e-05
2122,2154,35.7827618,-87.7745192,46,0.3359063126252505,2,2.7833832022823745e-05
17685,18087,36.0375533,-83.9241491,58,0.3362361319861947,2,1.7367175136630354e-08
28955,29629,36.8580433,-81.4222951,13,0.336269608661768,2,9.703568000048068e-06
44628,45626,45.2034776,-110.8973168,82,0.3362953685148073,2,2.7833832022823745e-05
41395,42313,47.5959211,-122.1323817,84,0.3363019650411935,2,2.7792484255003323e-05
9068,9359,43.81873,-85.9135576,34,0.3363246075484302,2,5.171542523318747e-07
23149,23645,25.8402937,-80.2936782,6,0.3363785626809173,2,2.7807704152838217e-05
24535,25065,28.3256758,-82.4849082,57,0.3364660919060343,2,8.311900133982954e-06
53390,54935,40.2996614,-121.2448762,106,0.3365496618236472,2,2.7833832022823745e-05
3378,3427,39.0580049,-77.5404596,20,0.3366090096860387,2,2.7833832022823745e-05
9148,9440,42.7556918,-84.3834334,25,0.3366256401692273,2,1.3982724079198837e-06
6844,6946,40.8345062,-72.6068352,32,0.3366464387107549,2,2.7833832022823745e-05
21364,21830,42.9322821,-87.8816186,59,0.3368230836673347,2,1.252484995599365e-09
58408,60199,30.2425887,-93.2498358,61,0.3370360930193721,2,1.291221644947799e-10
51566,53019,32.6015528,-96.8276313,107,0.3370557503896682,2,2.7772778451944715e-05
27826,28461,30.2753871,-81.8937186,3,0.3370723182476063,2,3.8736649348433967e-10
12500,12827,47.8039081,-103.9860716,36,0.3371123427410377,2,2.7833832022823745e-05
50097,51479,33.1232186,-96.8597684,107,0.337158546259185,2,9.988216379032784e-06
21353,21819,42.0747757,-86.4312283,18,0.3371753854932086,2,4.5920376341787295e-08
43442,44404,44.5622713,-110.3942736,82,0.3371816062680918,2,2.7833832022823745e-05
11296,11610,40.8155564,-91.1465987,81,0.3372845134713872,2,2.7833832022823745e-05
60121,61971,35.9526652,-79.3215495,8,0.3373811929414385,2,2.7833832022823745e-05
50482,51882,34.0904724,-117.5332934,115,0.33745014334224,2,2.7833832022823745e-05
54835,56507,33.8266717,-83.8011206,51,0.3375810370741483,2,9.689955998994618e-06
69522,71757,46.2572926,-119.1581659,98,0.337659673513694,2,2.7833832022823745e-05
35761,36594,34.992144,-85.317946,63,0.3377863713538188,2,2.7833832022823745e-05
28079,28724,32.1541065,-81.1580613,75,0.3377938585504341,2,2.7833832022823745e-05
52048,53525,33.7669597,-118.1519196,109,0.3379014904809619,2,2.7833832022823745e-05
55296,56978,31.5824985,-87.4871574,22,0.3380749067579603,2,2.7833832022823745e-05
68177,70333,40.7660147,-111.8928877,85,0.3380915650745936,2,2.7833832022823745e-05
45626,46676,40.9139073,-112.7354044,85,0.3381819193943442,2,2.7833832022823745e-05
7337,7463,38.0291628,-88.7621643,68,0.3382284429971053,2,2.7833832022823745e-05
22662,23149,30.4779064,-86.5048574,26,0.3384102788911156,2,2.7833832022823745e-05
4150,4205,39.2737844,-94.9065584,35,0.3385034374304163,2,3.8736649348433967e-10
34856,35665,41.7411859,-92.7253008,17,0.3385266435649076,2,2.7833832022823745e-05
68182,70338,40.5873115,-111.8016393,85,0.3387332651413939,2,2.7833832022823745e-05
45165,46186,46.3936053,-120.3047061,88,0.3387794060342908,2,1.2783094284983209e-08
3474,3524,36.080451,-96.0421242,37,0.3387856685593408,2,4.0839698872296714e-08
30839,31566,35.2723172,-91.1728143,73,0.3388386703963483,2,1.2330617517864345e-05
26256,26813,35.7288451,-81.7471928,15,0.3388909207303496,2,2.7833832022823745e-05
32825,33585,34.6657921,-77.2024164,56,0.3388936275328436,2,2.7833832022823745e-05
26681,27246,30.2919391,-82.8207849,3,0.3389158873302159,2,2.781295165103451e-05
19056,19482,28.0688722,-82.0161388,44,0.3389963190269427,2,2.7833832022823745e-05
59757,61594,40.9126629,-83.880916,16,0.3390560843910042,2,2.7833832022823745e-05
36502,37372,33.4123379,-85.033575,51,0.3391798110109107,2,6.327250453247703e-07
14954,15311,42.4528885,-78.6506811,48,0.339272113671788,2,2.7833832022823745e-05
57032,58794,32.3304906,-81.1877286,75,0.3393482381429526,2,2.7833832022823745e-05
38720,39621,33.1659159,-86.2828978,52,0.3394025620685816,2,2.7833832022823745e-05
10501,10814,40.5948544,-89.6652679,39,0.3394760423625028,2,6.821506772516843e-06
32415,33168,38.7578801,-75.15639,27,0.3395132974281897,2,2.7833832022823735e-05
56872,58628,37.5392623,-76.8038335,28,0.3397380177020708,2,2.7833832022823745e-05
61843,63747,40.0539948,-79.920018,50,0.3398124791249165,2,6.101332256613403e-06
27622,28208,39.0739667,-93.7146526,2,0.339821970329548,2,2.7833832022823745e-05
26416,26976,35.579999,-76.476249,54,0.3399203893898909,2,2.7833832022823745e-05
5296,5370,35.6424978,-82.5977172,23,0.3400072506123357,2,2.7833832022823745e-05
70124,72549,30.9159955,-102.109702,99,0.3401632222778891,2,2.7833832022823745e-05
47612,48902,33.5219781,-101.7763104,105,0.3401755803273213,2,1.3922558650000302e-05
50443,51843,35.742114,-119.0517945,116,0.3404164927076375,2,2.7833832022823745e-05
52501,54001,31.8921987,-100.4848285,99,0.340421774103763,2,2.7833832022823745e-05
21179,21641,39.4918804,-95.7905961,35,0.3404814977176575,2,1.6047656596039306e-06
50877,52296,32.4835436,-103.9395686,105,0.3404882821197951,2,2.7833832022823745e-05
46069,47168,33.9897276,-117.6886713,115,0.3405891505232688,2,2.7833832022823745e-05
24349,24864,39.9508386,-75.2637515,27,0.3406674390447562,2,9.21780111133746e-06
42273,43194,37.9859996,-111.4387588,111,0.3406926978957915,2,2.7833832022823745e-05
50655,52065,37.3042157,-121.8674444,106,0.3408318651191271,2,8.142074772570838e-09
51531,52983,28.8679867,-96.015526,103,0.340883343075039,2,2.7799401597661223e-05
67518,69664,43.7104774,-122.4241831,94,0.3408873580494321,2,2.7833832022823745e-05
47206,48489,31.7801477,-106.3851358,113,0.3408934883656201,2,7.341582738777406e-06
24909,25446,24.5511548,-81.8048041,6,0.3409219271877087,2,1.9368324674216984e-10
50299,51692,36.1309047,-120.2451155,101,0.3410593548207526,2,2.7833832022823745e-05
35567,36397,41.1844827,-80.9745755,16,0.3412448786461812,2,2.7833832022823745e-05
30409,31131,40.949284,-73.9624157,31,0.3414539008572701,2,2.7833832022823745e-05
12785,13114,41.1791041,-87.8557175,39,0.3414834321420619,2,2.7833832022823745e-05
960,974,37.1100539,-100.7997318,11,0.3415054971053217,2,2.7833832022823745e-05
36245,37108,44.6359848,-73.1198425,19,0.3415280352371409,2,2.7833832022823735e-05
59012,60823,35.7907379,-79.5966294,56,0.3418155755956357,2,2.7833832022823745e-05
21622,22090,40.2613038,-80.2598691,16,0.3420590277777778,2,1.3373218286333935e-06
35598,36429,41.414802,-71.785575,53,0.3420837856268092,2,2.7833832022823745e-05
44483,45481,45.9009515,-104.5399807,90,0.3421469118793142,2,2.7833832022823745e-05
37269,38149,39.7495975,-91.242098,81,0.3421488393453574,2,2.7833832022823745e-05
27412,27991,41.4920514,-88.1100241,39,0.3421535292807838,2,1.291221644947799e-10
18602,19018,30.3830812,-87.1094759,26,0.3422999749498998,2,2.783383202282373e-05
61614,63513,35.0942535,-78.2263229,54,0.3424297135938544,2,2.7833832022823745e-05
23244,23740,42.4637694,-85.6939767,25,0.3425774883099533,2,2.783383202282375e-05
26271,26828,40.6188228,-75.3143321,42,0.3426265099643732,2,2.7833832022823745e-05
30144,30863,42.4806647,-96.4044687,71,0.3429410000556669,2,3.8736649348433967e-10
52817,54335,29.8537644,-94.9260247,110,0.343011265586729,2,2.7833832022823745e-05
36366,37231,36.4987936,-77.8113566,54,0.3431641686150078,2,2.7833832022823745e-05
67418,69562,40.3319629,-111.7569424,85,0.3432302939211757,2,2.7833832022823745e-05
34631,35425,31.7661918,-84.7650611,74,0.3432822032954797,2,2.7833832022823745e-05
27673,28259,33.4021036,-84.4772389,51,0.3434818456357159,2,1.9868462698804005e-05
5927,6014,35.2962255,-81.2046443,15,0.3435028042195502,2,2.7833832022823745e-05
55598,57291,42.0458171,-93.6490973,17,0.3435473377310176,2,4.838692319664116e-06
56910,58666,42.0219071,-87.7759774,39,0.3437405922957025,2,1.291221644947799e-10
4394,4452,41.2707895,-89.5882041,39,0.3437814657091961,2,2.7833832022823745e-05
39190,40096,41.4930935,-122.9056556,87,0.3437896696170118,2,2.7833832022823745e-05
61528,63422,42.7312021,-73.8246691,31,0.3441139083723,2,9.272731203307648e-06
45010,46022,47.4342288,-122.3011834,84,0.3441984037519484,2,1.3924718679352055e-05
37839,38725,42.5436993,-83.1918815,25,0.3442121813070586,2,2.033674090792783e-09
