label,protocol,m,mean_AUC_S1,sd_AUC_S1,sem_AUC_S1,mean_AUC_S2,sd_AUC_S2,sem_AUC_S2,mean_p_LCC_0_5,sd_p_LCC_0_5,mean_p_LCC_0_25,sd_p_LCC_0_25,mean_p_LCC_0_1,sd_p_LCC_0_1,mean_p_LCC_0_05,sd_p_LCC_0_05,mean_max_S2_over_N,sd_max_S2_over_N,mean_p_at_max_S2,sd_p_at_max_S2,n
US Power Grid — San Francisco,adap_betweenness,,0.03988806584362136,0.0004162285602597415,4.162285602597414e-05,0.03045432098765429,0.00039285206297060146,3.928520629706016e-05,0.008856682769726239,0.0,0.04153439153439149,0.0,0.06296296296296289,0.0,0.1277777777777777,0.0,0.362962962962963,0.0,0.007407407407407401,0.0,100
US Power Grid — San Francisco,adap_degree,,0.05710452674897115,0.0026814151176848297,0.00026814151176848307,0.031028257887517126,0.00144610077144013,0.000144610077144013,0.03150877192982453,0.005904844656952961,0.04837962962962958,0.0,0.13894807065362616,0.021287574301678873,0.19315105820105813,0.0230432782853717,0.237037037037037,0.0,0.018296296296296276,0.0037156559855303067,100
US Power Grid — San Francisco,betweenness,,0.07635116598079557,,0.0,0.047736625514403254,,0.0,0.0111111111111111,,0.0652263374485596,,0.2238095238095238,,0.30679012345679013,,0.362962962962963,,0.0074074074074074,,1
US Power Grid — San Francisco,degree,,0.07657064471879282,,0.0,0.0420301783264746,,0.0,0.023879142300194906,,0.06319444444444439,,0.22698412698412695,,0.3305555555555555,,0.237037037037037,,0.0222222222222222,,1
US Power Grid — San Francisco,random,,0.2162908093278463,0.04083061991261449,0.004083061991261449,0.07707983539094648,0.026648981688375352,0.002664898168837535,0.13391642798321737,0.07709239553316084,0.29543073418725074,0.06964276702491441,0.503625101544546,0.08778834898275498,0.6623342592592593,0.07629161337816101,0.29777777777777775,0.1076425821707679,0.12199999999999997,0.10241005422887331,100
US Power Grid — San Francisco,seamless,1.0,0.11787818930041145,0.019545923253231918,0.001954592325323192,0.050843347050754426,0.00847406315292713,0.0008474063152927128,0.06012767105791643,0.026830918093350795,0.13261668390365872,0.046754473673209875,0.2680456163178385,0.07258427704640377,0.4268932098765432,0.09072862210907162,0.2694074074074074,0.07148994210322832,0.046592592592592554,0.03255813912058527,100
US Power Grid — San Francisco,seamless,2.0,0.08680932784636482,0.014801309854819932,0.0014801309854819932,0.04053936899862823,0.0069410355937940624,0.0006941035593794062,0.04670453052429933,0.023351213213759228,0.09619706069763005,0.030415433414178388,0.18057946210168427,0.04248194383571197,0.30827885802469135,0.07179685698204236,0.26911111111111113,0.0719566808697903,0.030222222222222195,0.022671111555556418,100
US Power Grid — San Francisco,seamless,3.0,0.07370534979423864,0.011115626778002253,0.0011115626778002252,0.03625075445816184,0.004929328277200933,0.0004929328277200934,0.0355340735309325,0.016479630520064546,0.07539832958886634,0.024249122141835475,0.16511163419913416,0.039655412544316065,0.26117978395061725,0.057232258326107524,0.2645185185185185,0.06671482651709083,0.025407407407407386,0.018424903670834866,100
US Power Grid — San Francisco,seamless,4.0,0.06738491083676264,0.007290424307807624,0.0007290424307807626,0.03412126200274346,0.003954710529537142,0.00039547105295371416,0.0311504361705618,0.012466346279900493,0.06751909687807568,0.018598957006503894,0.14557431991876432,0.029172180483998736,0.2293978395061728,0.040920795794617736,0.27488888888888885,0.0663449442906342,0.023111111111111086,0.016080605044147378,100
US Power Grid — San Francisco,seamless,5.0,0.06269739368998622,0.007082657120884818,0.0007082657120884821,0.033007956104252376,0.00407006113179763,0.000407006113179763,0.029443549765614634,0.012315305093867336,0.06249329589357795,0.017973432568769928,0.1331225589225589,0.02870989292479837,0.20986613756613753,0.031660822632369585,0.2702222222222222,0.06070514409572242,0.021481481481481463,0.01464549708480237,100
US Power Grid — San Francisco,seamless,6.0,0.06160713305898487,0.0055476891016739225,0.0005547689101673924,0.03222716049382713,0.002990396228935473,0.0002990396228935473,0.028300567041904298,0.008147369016881954,0.05724158529434239,0.015104138228592332,0.13439772526855856,0.026825806982128064,0.21206397707231034,0.03435372174326398,0.2648888888888889,0.054189413144878455,0.021925925925925904,0.010418359383603337,100
US Power Grid — San Francisco,seamless,7.0,0.059312482853223554,0.0054865829907145384,0.0005486582990714541,0.031720713305898464,0.0033359420380737977,0.0003335942038073797,0.02800286829100833,0.008238944699496277,0.051043716931796566,0.012499896453317809,0.1294971547485436,0.02373281015126285,0.19683302469135797,0.026864686432688942,0.26540740740740737,0.057791925133953655,0.02111111111111109,0.013782797198227704,100
US Power Grid — San Francisco,seamless,8.0,0.0583401920438957,0.005015831055210332,0.0005015831055210331,0.030979972565157724,0.002719188481641686,0.0002719188481641687,0.026865721769605236,0.00842705842163695,0.05341108079684618,0.013438256246976678,0.1275673528390031,0.020343649487050496,0.19602098765432094,0.02912912419684929,0.26088888888888884,0.05547773574485419,0.021185185185185165,0.010634235938341955,100
US Power Grid — San Francisco,seamless,9.0,0.05721920438957471,0.005124007551529221,0.0005124007551529221,0.030339094650205737,0.0025951767134971488,0.0002595176713497149,0.02735464419981362,0.008075135372672114,0.05037914534311327,0.011725620232475009,0.12330245777884663,0.023041006103033782,0.18841234567901227,0.02928393288693874,0.2561481481481481,0.048306797818109634,0.01999999999999998,0.010814087066618084,100
US Power Grid — San Francisco,seamless,10.0,0.05800768175582986,0.004815191248547957,0.00048151912485479574,0.03046035665294922,0.002779900144596181,0.000277990014459618,0.02789564301485202,0.007336993400496111,0.049629357706005496,0.010140186747894353,0.12784042809042806,0.023435458355369223,0.18819766313932973,0.02903060076097271,0.24970370370370368,0.05446664483458855,0.021333333333333312,0.01206321077338157,100
US Power Grid — San Francisco,seamless,11.0,0.05641810699588473,0.004542640875511093,0.0004542640875511094,0.030454320987654295,0.0023471968288792467,0.00023471968288792466,0.02578027542335962,0.006012656691940251,0.047033469423946705,0.01092767514191895,0.12414506506867613,0.020132918196044045,0.18842208994708987,0.02941883044159261,0.2528888888888889,0.046241508921429524,0.020296296296296274,0.008060955786312475,100
US Power Grid — San Francisco,seamless,12.0,0.05686639231824413,0.0038189378052716164,0.0003818937805271616,0.030099314128943733,0.002458110399958474,0.0002458110399958473,0.026215582849597966,0.006540590973179718,0.04698017790000006,0.010089683665005034,0.12747862086473194,0.01721656923113611,0.18635873015873008,0.025705961986577923,0.24977777777777774,0.04792552637088129,0.021481481481481463,0.010015852533029442,100
US Power Grid — San Francisco,seamless,13.0,0.05575418381344303,0.003790457843577037,0.0003790457843577037,0.030412620027434816,0.002492907298205725,0.00024929072982057235,0.026261299332105706,0.0066687097590624215,0.0448285758913039,0.007581330876182159,0.12354667783499479,0.02071545363071955,0.17885952380952375,0.022228505085203756,0.2507407407407407,0.041106409170858754,0.01925925925925924,0.00829009441643967,100
US Power Grid — San Francisco,seamless,14.0,0.05554897119341559,0.0036923297128759296,0.0003692329712875929,0.03031330589849106,0.002347623893696257,0.0002347623893696258,0.025706584493667913,0.005854683512933014,0.043331492527073995,0.007126236311042108,0.12400906418684193,0.01854081499554236,0.17694986772486765,0.023701446080246085,0.24614814814814812,0.03719167120591277,0.021481481481481463,0.007913850758161247,100
US Power Grid — San Francisco,seamless,15.0,0.05555336076817554,0.0035911077673824033,0.00035911077673824035,0.029996159122085024,0.0022158702522933997,0.0002215870252293399,0.025930345541293295,0.006356243161728664,0.0440945266809251,0.007560486996203596,0.12310380057185609,0.017819446940834767,0.17690410052910047,0.023216327468874247,0.2484444444444444,0.04193462080294644,0.022222222222222202,0.00855333732132778,100
US Power Grid — San Francisco,seamless,16.0,0.05547270233196155,0.0033448421092501764,0.0003344842109250176,0.0300702331961591,0.002069903923515596,0.0002069903923515596,0.02623814399384726,0.0056105210798285355,0.042871476835901284,0.007237595675745013,0.12302290898402006,0.017280745063749162,0.17678769841269834,0.02182259748017456,0.2487407407407407,0.04797291777318163,0.021777777777777754,0.008210825831382529,100
US Power Grid — San Francisco,seamless,17.0,0.05520109739368994,0.0029102772067468993,0.00029102772067468986,0.03019423868312755,0.0018168829899345318,0.0001816882989934532,0.02611543318777524,0.004885321024249315,0.042341639593247084,0.0066911799621101565,0.1226360549943883,0.015964663707591937,0.18086521164021158,0.02661687697690166,0.2464444444444444,0.031123133800090685,0.020740740740740716,0.00640419421669454,100
US Power Grid — San Francisco,seamless,18.0,0.05585898491083672,0.0033299707236839294,0.00033299707236839304,0.0300142661179698,0.0018601575095106284,0.00018601575095106285,0.02642368187909121,0.0053007920642128056,0.04396646686026471,0.008130982124119838,0.1215501676821121,0.01715046190309247,0.1790363756613756,0.021447426762373652,0.24481481481481476,0.03856015189344836,0.021481481481481463,0.008189197013223203,100
US Power Grid — San Francisco,seamless,19.0,0.05467489711934152,0.002382571937239007,0.0002382571937239009,0.030312208504801076,0.0017527671393370368,0.0001752767139337037,0.025349645568127525,0.004244879200500024,0.04081385423147871,0.00494906798209655,0.12246627403097989,0.017155972963299335,0.17515198412698404,0.018405604275382594,0.2404444444444444,0.022932168628002094,0.020592592592592572,0.00628010064656786,100
US Power Grid — San Francisco,seamless,20.0,0.05522249657064467,0.002758157322558262,0.00027581573225582634,0.03018052126200272,0.0019916667126797026,0.00019916667126797027,0.026410514651289567,0.004718992052639847,0.041324079524216975,0.005411537589035236,0.125375328683662,0.017840205300996132,0.17646785714285707,0.021150098589750713,0.2387407407407407,0.025461719862183915,0.021629629629629606,0.00792644686779022,100
