label,protocol,m,stochastic_id,AUC_S1,AUC_S2,p_LCC_0.5,p_LCC_0.25,p_LCC_0.1,p_LCC_0.05,max_S2_over_N,p_at_max_S2
EU Power Grid,adap_betweenness,,1,0.009734584824244025,0.004317707683385264,0.0063943412366165645,0.012446797561345896,0.01889240762303272,0.024804857082740675,0.3572891198044009,0.0049663814180929
EU Power Grid,adap_betweenness,,2,0.010293242020070219,0.004377161583185606,0.006698366906445828,0.014156357463106376,0.017294076487085332,0.027862459653974502,0.4187347188264058,0.0049663814180929
EU Power Grid,adap_betweenness,,3,0.01077025357968023,0.004335678941328507,0.006205325915173779,0.013487846923847803,0.01964922481977841,0.028128781704576236,0.3687958435207824,0.0059596577017114
EU Power Grid,adap_betweenness,,4,0.010789781502101938,0.004310376502991212,0.007141059055009767,0.014140490640843965,0.018435021930068584,0.025758849592076048,0.356372249388753,0.0059596577017114
EU Power Grid,adap_betweenness,,5,0.009661235074235067,0.0040971195991886126,0.007098920120309696,0.013074777086710312,0.018130905549746636,0.02420820194793209,0.3683832518337408,0.0049663814180929
EU Power Grid,adap_betweenness,,6,0.010153106314188339,0.004126861727516111,0.0061978426520909995,0.01236473171925638,0.018988552425747818,0.026393154365528963,0.3667023227383862,0.0059596577017114
EU Power Grid,adap_betweenness,,7,0.010536870081255425,0.004104147211036355,0.007132936231511878,0.013248869817275466,0.018159182016390846,0.027903136012488852,0.3698349633251833,0.0059596577017114
EU Power Grid,adap_betweenness,,8,0.010259432073221797,0.004101422683332968,0.005945831492358081,0.011680767788774983,0.01834934799248525,0.02559249589936849,0.4270629584352078,0.0059596577017114
EU Power Grid,adap_betweenness,,9,0.010164164674167213,0.004651018358050947,0.007531402405630277,0.013213159305950623,0.019142203277710348,0.02572419389350926,0.419101466992665,0.0049663814180929
EU Power Grid,adap_betweenness,,10,0.010220415925803686,0.004746733520711379,0.00711865454877863,0.012890881134926598,0.020046056233837078,0.0266155322449194,0.3572279951100244,0.0049663814180929
EU Power Grid,adap_betweenness,,11,0.009475519426799016,0.00407785817492346,0.0054659051268978135,0.012997843942947349,0.015510391198043894,0.022670408990075486,0.3570064180929095,0.0049663814180929
EU Power Grid,adap_betweenness,,12,0.010320449351035781,0.004425208894857285,0.0071770557190810646,0.01373715002603131,0.018338639719886522,0.026463283528720162,0.4188569682151589,0.0049663814180929
EU Power Grid,adap_betweenness,,13,0.009775961217109925,0.004353688145340005,0.006187190895413596,0.012226630309094962,0.017958586853058026,0.023650218418136786,0.4187347188264058,0.0049663814180929
EU Power Grid,adap_betweenness,,14,0.010683130282559666,0.004245921311389954,0.006926076858408129,0.013442558313783385,0.019150382836868915,0.025528805557776004,0.3577704767726161,0.0059596577017114
EU Power Grid,adap_betweenness,,15,0.010075878475999908,0.004461591585135917,0.006468273991128186,0.011784335541568595,0.018851273367856705,0.026376743851574833,0.369804400977995,0.0049663814180929
EU Power Grid,adap_betweenness,,16,0.009631439821411979,0.004409415741234033,0.004952020039887927,0.011570750287495019,0.01841878166013258,0.02370413213556662,0.4666259168704156,0.0049663814180929
EU Power Grid,adap_betweenness,,17,0.010193656358443956,0.003934330966214771,0.0061946469902819075,0.012678136482335357,0.017182050700080723,0.02636921851697793,0.3560742665036674,0.0059596577017114
EU Power Grid,adap_betweenness,,18,0.010273176139157267,0.004610416064978219,0.006370583143669301,0.01418576762326605,0.017986199075028648,0.026568758476940436,0.3574648533007334,0.0049663814180929
EU Power Grid,adap_betweenness,,19,0.009312312511395443,0.004180160775039434,0.006175304937131105,0.011292147681125318,0.016592415394421828,0.023464523361894328,0.3686124694376528,0.0049663814180929
EU Power Grid,adap_betweenness,,20,0.009862926016422162,0.004183818776022806,0.007089523906375444,0.012750228156293309,0.016681971477033486,0.025570497147514228,0.3696057457212713,0.0049663814180929
EU Power Grid,adap_betweenness,,21,0.009597326306017215,0.004095222295774006,0.006378467701817251,0.011505917627695246,0.017622200889507375,0.023886103570401194,0.3692848410757945,0.0049663814180929
EU Power Grid,adap_betweenness,,22,0.010245589347508775,0.0046047089763070585,0.006473430181487143,0.013216311908061338,0.018962497808611065,0.028919778673114807,0.3690785452322738,0.0049663814180929
EU Power Grid,adap_betweenness,,23,0.010973721273541907,0.004458920181928149,0.005851324541999088,0.013410674010846366,0.018552356350322558,0.026467588035436425,0.426856662591687,0.0059596577017114
EU Power Grid,adap_betweenness,,24,0.011018686488789757,0.004267505035034603,0.007108614439757401,0.014576008891306055,0.019108626397469106,0.026324984816158695,0.3572661980440097,0.0059596577017114
EU Power Grid,adap_betweenness,,25,0.010481582659753576,0.00401843463197777,0.006497265992040179,0.013367210649000427,0.01980296910151389,0.026096277271017463,0.3559290953545232,0.0059596577017114
EU Power Grid,adap_betweenness,,26,0.01263418809751623,0.004682847520134532,0.009525300263146644,0.01709710037371218,0.021487784548564166,0.02836566934027456,0.3404721882640587,0.00695293398533
EU Power Grid,adap_betweenness,,27,0.010244359894896108,0.004600383124521736,0.007102248416487082,0.013555299870559416,0.019150399327954107,0.02657059372378775,0.3692313569682151,0.0049663814180929
EU Power Grid,adap_betweenness,,28,0.010675169197431942,0.004199353896381671,0.007992076241605724,0.013227478219724805,0.01838043714121738,0.02478375904799106,0.4168169315403423,0.0059596577017114
EU Power Grid,adap_betweenness,,29,0.009953184534462166,0.004146183865490531,0.007105633853236226,0.013154557433901762,0.01763745502414764,0.02368480483371912,0.3559214547677261,0.0049663814180929
EU Power Grid,adap_betweenness,,30,0.010760714813790052,0.004213856883682982,0.007170060834435113,0.013725084683330625,0.018717374904860952,0.025739693960198897,0.3562423594132029,0.0059596577017114
EU Power Grid,adap_betweenness,,31,0.010104960342739113,0.004200477100003119,0.006181690851511323,0.01413637850223315,0.0180186156009251,0.026332130244110654,0.3572585574572127,0.0049663814180929
EU Power Grid,adap_betweenness,,32,0.010504965902713782,0.00374291581932122,0.0080459422846015,0.012595123777827682,0.01938469298774087,0.027080422633601074,0.3659993887530562,0.0059596577017114
EU Power Grid,adap_betweenness,,33,0.010907816542131885,0.004596702355897398,0.007081236393231483,0.013580595504607605,0.01978698931228411,0.025661885284778196,0.4179248166259168,0.0059596577017114
EU Power Grid,adap_betweenness,,34,0.011019408339765821,0.004636014482648186,0.00841527090141575,0.014538908386005547,0.019504726327670776,0.02800391970399467,0.3573273227383863,0.0049663814180929
EU Power Grid,adap_betweenness,,35,0.010372549302801059,0.004182801821392585,0.006201166928208109,0.012747341588012662,0.017693096841533255,0.024069953079908994,0.3684672982885085,0.0059596577017114
EU Power Grid,adap_betweenness,,36,0.010065482128966324,0.004369701386159344,0.00640519665898772,0.012500735423824046,0.018123685094733857,0.024739056366277625,0.3694911369193153,0.0049663814180929
EU Power Grid,adap_betweenness,,37,0.009975496822618028,0.004196857045088034,0.006692676497554933,0.012681073123019705,0.018565534404470767,0.02465340209131363,0.4181311124694376,0.0049663814180929
EU Power Grid,adap_betweenness,,38,0.01138031251961514,0.0047353041649417634,0.008570204739784263,0.014523960116373606,0.019156542365914554,0.025779805269755342,0.3488004278728606,0.0059596577017114
EU Power Grid,adap_betweenness,,39,0.011060541877794636,0.00474239249049875,0.005917529435710676,0.015404553969660745,0.018568346313897505,0.026629525494835014,0.4377750611246943,0.0059596577017114
EU Power Grid,adap_betweenness,,40,0.010911747754806982,0.004663214224400088,0.0068430054007748535,0.014748113270443123,0.020695006689478868,0.026059126077724846,0.3565403422982884,0.0049663814180929
EU Power Grid,adap_betweenness,,41,0.009756737738913059,0.004274449165532079,0.00708585258118058,0.012295441033872121,0.017971881601051103,0.02357342493178831,0.3571210268948654,0.0049663814180929
EU Power Grid,adap_betweenness,,42,0.010628647317705634,0.004642336297625675,0.006226929300294932,0.014125877049767798,0.017515087879512784,0.02667050527856408,0.4305012224938875,0.0049663814180929
EU Power Grid,adap_betweenness,,43,0.01135162616766467,0.004382056625995319,0.007457082793492747,0.014559930153855294,0.019477235408173494,0.028024580859238344,0.3651971271393642,0.0059596577017114
EU Power Grid,adap_betweenness,,44,0.010367274799308449,0.004880948764261161,0.006401113827764111,0.013673543026535435,0.019021794702829404,0.026382209805604063,0.3687652811735941,0.0049663814180929
EU Power Grid,adap_betweenness,,45,0.010239897437264939,0.004409476454943306,0.007329969862391444,0.013505178532756191,0.01903523825474055,0.026435014278497197,0.4184825794621026,0.0049663814180929
EU Power Grid,adap_betweenness,,46,0.011045644251383085,0.004161415417303063,0.008108103797839857,0.01352996757666901,0.01898358847521052,0.02825976899366948,0.3548059290953544,0.0059596577017114
EU Power Grid,adap_betweenness,,47,0.010237696565303989,0.0043937288366020085,0.006684309754088808,0.013950980663368182,0.01822988389154994,0.02602566115609786,0.4188187652811735,0.0049663814180929
EU Power Grid,adap_betweenness,,48,0.010780484715370332,0.004543752412202359,0.005947319192931448,0.013567073820998971,0.01864324762062624,0.027488595840317674,0.3672371638141809,0.0059596577017114
EU Power Grid,adap_betweenness,,49,0.010627319205315393,0.004444272999567329,0.007100747962337593,0.014129168428405935,0.019071043662451333,0.025978401524215745,0.4186735941320293,0.0059596577017114
EU Power Grid,adap_betweenness,,50,0.009911846087664569,0.004455262180944762,0.007104611752210211,0.013036451210436277,0.018116948520399526,0.024811742346003345,0.3695599022004889,0.0049663814180929
EU Power Grid,adap_betweenness,,51,0.01063415708682166,0.0040191783749162985,0.006502045111630336,0.014434271284707896,0.01887136312840625,0.02461313747058608,0.3551726772616136,0.0059596577017114
EU Power Grid,adap_betweenness,,52,0.010420816701668839,0.0040734488417879045,0.005947521330633894,0.012729192634674013,0.016795510417061718,0.025407078212381716,0.4289883863080684,0.0059596577017114
EU Power Grid,adap_betweenness,,53,0.009841425774127758,0.004182733518469647,0.007097680040982768,0.012376480014778063,0.018187651182612886,0.025757497510988863,0.3696592298288508,0.0049663814180929
EU Power Grid,adap_betweenness,,54,0.00994303016658716,0.004444204696644394,0.007085435077225706,0.011906041502631387,0.019019427764350026,0.02555789429845001,0.3573808068459657,0.0049663814180929
EU Power Grid,adap_betweenness,,55,0.009795951205886298,0.004366802306541811,0.007072965717217141,0.012496050676481183,0.018001828748149065,0.024092040701527626,0.3567542787286063,0.0049663814180929
EU Power Grid,adap_betweenness,,56,0.01117888048637092,0.004586904681064332,0.0073408467880829815,0.014352664626951728,0.02051057097655685,0.027404798961687918,0.4178942542787285,0.0059596577017114
EU Power Grid,adap_betweenness,,57,0.010016341970527826,0.004212908231975669,0.006973948608481057,0.013503529552914974,0.01789901813856887,0.02899013069363883,0.3694682151589242,0.0049663814180929
EU Power Grid,adap_betweenness,,58,0.010533744200906648,0.004042128157019465,0.005947725819578091,0.011843069874693624,0.020391771765857252,0.026387721916779936,0.3571133863080684,0.0059596577017114
EU Power Grid,adap_betweenness,,59,0.009971004008132226,0.004236207117907128,0.006198562767541986,0.014045939094277765,0.016220017302716504,0.02455959765914367,0.3565174205378972,0.0049663814180929
EU Power Grid,adap_betweenness,,60,0.010336811695683411,0.00462479003564733,0.007110156102411572,0.014264580474365057,0.018489872448547138,0.029333350673672095,0.3691167481662591,0.0049663814180929
EU Power Grid,adap_betweenness,,61,0.009471656517046866,0.004392408313425432,0.004935563592496957,0.011370768755266351,0.01818754500068849,0.02458793524997887,0.4747172982885085,0.0049663814180929
EU Power Grid,adap_betweenness,,62,0.010115434333266275,0.004372554930494923,0.007100692351634725,0.012355211703534619,0.01793650918429842,0.026948358247216635,0.3597799511002444,0.0049663814180929
EU Power Grid,adap_betweenness,,63,0.010141601941960628,0.0041416227480818,0.0080390205130049,0.013378026315626106,0.018112823190805233,0.026515600222386464,0.3568536063569681,0.0049663814180929
EU Power Grid,adap_betweenness,,64,0.009626279156124223,0.004128827333853645,0.007100019207195609,0.011809890608792544,0.018107150987297812,0.0262386556711284,0.3572203545232273,0.0049663814180929
EU Power Grid,adap_betweenness,,65,0.010616246542587703,0.004367561227907668,0.0064993214251130894,0.01284576933433361,0.016854393568941143,0.026462932722236727,0.3558679706601467,0.0059596577017114
EU Power Grid,adap_betweenness,,66,0.010250704477514576,0.004326875453484687,0.006908687176746743,0.013469990994883543,0.017973058505587787,0.026849279400544473,0.3563875305623472,0.0049663814180929
EU Power Grid,adap_betweenness,,67,0.010153016119302947,0.004627393135932182,0.007107045408716184,0.013455783150362423,0.01791413783759704,0.02641275526016734,0.3562423594132029,0.0049663814180929
EU Power Grid,adap_betweenness,,68,0.010592234270572352,0.00386648339610819,0.006922809049389581,0.013311810540768052,0.018428315702809166,0.02365000721671348,0.3679324572127139,0.0059596577017114
EU Power Grid,adap_betweenness,,69,0.010365734188935778,0.004577903873665395,0.006590163375972146,0.014076677375663902,0.01955207614059616,0.027003849921418105,0.3575488997555012,0.0049663814180929
EU Power Grid,adap_betweenness,,70,0.012195470834348262,0.005051933747986167,0.006942655797314299,0.016761308068459574,0.021383620744018592,0.028473505228025154,0.4168322127139364,0.00695293398533
EU Power Grid,adap_betweenness,,71,0.010087285939807069,0.004464088436429552,0.0071057889892647925,0.013219492278107437,0.01619156514963034,0.0260978134029784,0.3586338630806845,0.0049663814180929
EU Power Grid,adap_betweenness,,72,0.01173693054510442,0.0041125636489835905,0.00918279320968222,0.013680775984350933,0.018555775046731764,0.02561613819807466,0.353476466992665,0.00695293398533
EU Power Grid,adap_betweenness,,73,0.009631432232198311,0.004258124766952743,0.0063504605429558205,0.01080003048593301,0.018283788152327268,0.025717366734438907,0.3696286674816625,0.0049663814180929
EU Power Grid,adap_betweenness,,74,0.00968715982809234,0.004273242480560378,0.00708746692374433,0.012307208746422067,0.016965502703388737,0.02507722633366694,0.3570522616136919,0.0049663814180929
EU Power Grid,adap_betweenness,,75,0.010075682032123282,0.004506679103480799,0.006762190448901628,0.012711000206580631,0.019089410553422465,0.025527349405981566,0.3689028117359413,0.0049663814180929
EU Power Grid,adap_betweenness,,76,0.010763864337458316,0.004391421715649848,0.0058422512059375905,0.013526666538188844,0.02003669989709837,0.027371112936286947,0.4164578239608801,0.0059596577017114
EU Power Grid,adap_betweenness,,77,0.010025168226012616,0.004401651975661436,0.006649717139957737,0.01335924951665066,0.01708570041708606,0.026846308525466687,0.418291564792176,0.0049663814180929
EU Power Grid,adap_betweenness,,78,0.011348294502868615,0.004642844774940804,0.008438225184335471,0.015344185027054999,0.018055232988448758,0.026396140287707086,0.3472799511002444,0.0059596577017114
EU Power Grid,adap_betweenness,,79,0.010246674605061928,0.003925815868489982,0.00655055626335603,0.013240639007861292,0.01717721311827805,0.02454064951354925,0.429637836185819,0.0059596577017114
EU Power Grid,adap_betweenness,,80,0.00971719034653885,0.004376562035306588,0.006182218907546559,0.012166290532644886,0.018123649469150183,0.025954018373213518,0.4200641809290953,0.0049663814180929
EU Power Grid,adap_betweenness,,81,0.010743365871366829,0.00409524506341499,0.009020908803147164,0.013963225211104187,0.017665735121809065,0.025719956673089787,0.3527506112469437,0.0059596577017114
EU Power Grid,adap_betweenness,,82,0.011105348595234155,0.004594425591799854,0.005921090989993164,0.014976315236258735,0.020982744808134578,0.025351929539399347,0.3987240220048899,0.0059596577017114
EU Power Grid,adap_betweenness,,83,0.010987768908023715,0.004151215514146098,0.007178709835848065,0.014619067335181389,0.019313792966494703,0.02482316126155213,0.3664883863080684,0.0059596577017114
EU Power Grid,adap_betweenness,,84,0.010066218282691202,0.004644613061723214,0.0071123305804428475,0.014078113363849854,0.018019830886135627,0.023787614760100634,0.3696363080684596,0.0049663814180929
EU Power Grid,adap_betweenness,,85,0.009964507641240588,0.004460142045327148,0.006394003068585411,0.01175626268160233,0.02032680803990304,0.025599876630870044,0.4260314792176038,0.0049663814180929
EU Power Grid,adap_betweenness,,86,0.010274671214247974,0.004358993005687263,0.007092050064769305,0.013511086723706675,0.01786961238623119,0.025607054244986133,0.3571668704156479,0.0049663814180929
EU Power Grid,adap_betweenness,,87,0.010703507321232614,0.004257714949415193,0.005852721223153926,0.012866405856906049,0.01746119158555142,0.02562093825082819,0.3672295232273838,0.0059596577017114
EU Power Grid,adap_betweenness,,88,0.010249490203329202,0.003990172400313682,0.006201540451562007,0.012806110871771473,0.01720587200152081,0.02325522447846624,0.4181387530562346,0.0059596577017114
EU Power Grid,adap_betweenness,,89,0.010314909225065103,0.004687013998432998,0.008035928661508802,0.012490453870973665,0.01872891251993425,0.02698055682898666,0.3570293398533007,0.0049663814180929
EU Power Grid,adap_betweenness,,90,0.010841539939252598,0.004654972338367014,0.007264589359566871,0.014381532893685996,0.018571076744130777,0.025470406599159216,0.4202169926650366,0.0059596577017114
EU Power Grid,adap_betweenness,,91,0.010245634882790733,0.0045336587580366025,0.008075091438921047,0.013970942483112784,0.01835594240964432,0.027674792090699146,0.3912515281173593,0.0049663814180929
EU Power Grid,adap_betweenness,,92,0.010243919720503918,0.004514700902317788,0.008023114419769124,0.012741444336001408,0.018202753609546325,0.025981658405064112,0.3562423594132029,0.0049663814180929
EU Power Grid,adap_betweenness,,93,0.009813914874615862,0.004299842674433264,0.007093895140772828,0.013305170680739565,0.017888315802851603,0.023663092247699857,0.3697203545232273,0.0049663814180929
EU Power Grid,adap_betweenness,,94,0.010799973816045237,0.004012765489374903,0.0064667234505017945,0.014328893905176323,0.019130132424982044,0.026520058173339457,0.3622555012224938,0.0059596577017114
EU Power Grid,adap_betweenness,,95,0.01112361495683156,0.0044328132869430655,0.007548710740033297,0.015906581970322894,0.019233104303155658,0.02696808203799269,0.3560360635696821,0.0059596577017114
EU Power Grid,adap_betweenness,,96,0.010360383793306555,0.004015588676855851,0.0061873008622697,0.013178571558556304,0.019087098089369977,0.025655803628876556,0.3576711491442542,0.0059596577017114
EU Power Grid,adap_betweenness,,97,0.010619737580870595,0.004287457077742679,0.007182811398119105,0.01317077104938238,0.019191065240716912,0.025158032803585934,0.3550045843520782,0.0059596577017114
EU Power Grid,adap_betweenness,,98,0.010526640696922331,0.0040615944900534,0.006204264581486669,0.014049639659105814,0.01778699492911477,0.02370148763504704,0.3551955990220048,0.0059596577017114
EU Power Grid,adap_betweenness,,99,0.01030870883750615,0.004567127190270385,0.0070693660364379565,0.012787784362708552,0.018240577113946044,0.02524291796644459,0.3692313569682151,0.0049663814180929
EU Power Grid,adap_betweenness,,100,0.010975906967075543,0.004334669575911927,0.007134070783936101,0.014090249349233069,0.018998592714148277,0.027547863408091094,0.357296760391198,0.0059596577017114
