seamless_id,original_id,lat,lon
1,FRA.4_1_2,48.6137864,2.1219132
2,FRA.4_1_23,48.5497316,2.3124135
3,FRA.4_1_30,48.665060851253834,2.208354830377909
4,FRA.6_1_239,48.77615440000001,2.6532226
5,FRA.7_1_0,49.06874009999999,2.5267955
6,FRA.7_1_2,49.11289579999999,2.3788724
7,FRA.7_1_28,48.9666892,2.6309350027300127
8,FRA.7_1_3,49.183061300000006,2.3772779021766004
9,FRA.7_1_329,49.148385399999995,2.2608694
10,FRA.7_1_428,48.904402800001115,2.6635363768853044
11,FRA.7_1_44,49.15067299999999,2.2544272
12,FRA.7_1_5,49.0371212,2.4405479
13,FRA.7_1_538,49.1637049,2.2727086
14,FRA.7_1_593,49.150952800000006,2.2619111
15,FRA.7_1_985,49.19498542580427,2.2067220074910288
16,FRA.7_1_986,49.1516913,2.2604961999999995
17,FRA.8_1_0,48.74410069999999,2.2215255
18,FRA.8_1_1,48.7489011,2.2212896999999994
19,FRA.8_1_10,48.7753512,2.6527847999999996
20,FRA.8_1_1009,48.83266195,2.7338021021177643
21,FRA.8_1_101,49.12968180000001,2.264331283338904
22,FRA.8_1_1010,48.9249167,2.3384806
23,FRA.8_1_102,49.0432578,2.4353711
24,FRA.8_1_103,49.02570789999999,2.4243383
25,FRA.8_1_104,49.0263374,2.4224543
26,FRA.8_1_1047,48.7495806,2.1698723
27,FRA.8_1_105,49.0258836,2.4238419999999996
28,FRA.8_1_106,48.98358405000001,2.5216343175716847
29,FRA.8_1_107,48.94647257928791,2.3059632086768844
30,FRA.8_1_108,49.011050265993134,2.407186014503754
31,FRA.8_1_109,48.9773654,2.3553128301146433
32,FRA.8_1_11,48.77872202551339,2.649915797683823
33,FRA.8_1_110,48.90588974999999,2.6438186499999996
34,FRA.8_1_114,48.6324375,2.4069917
35,FRA.8_1_115,48.6469036,2.3943554500000026
36,FRA.8_1_116,48.61606308513502,2.429068016826522
37,FRA.8_1_119,48.5621201,2.6532403
38,FRA.8_1_12,48.7825274,2.6470858999999995
39,FRA.8_1_120,48.5648685,2.6473740999999995
40,FRA.8_1_121,48.7286045,2.6789747303437657
41,FRA.8_1_122,48.7283274,2.7250623
42,FRA.8_1_13,48.8965807,2.6636979
43,FRA.8_1_135,48.60704795,2.263226532823129
44,FRA.8_1_136,48.6273354,2.3498179275220794
45,FRA.8_1_137,48.90915880000001,2.205781947057431
46,FRA.8_1_138,48.89371840266691,2.1720365263782435
47,FRA.8_1_14,48.66172835,2.1894125875547426
48,FRA.8_1_141,48.743832299999994,2.2170703
49,FRA.8_1_142,48.74564195000001,2.178229008173315
50,FRA.8_1_143,48.782358899999984,2.6464333999999994
51,FRA.8_1_144,48.8997512,2.6632726
52,FRA.8_1_145,48.9017589,2.6598936999999996
53,FRA.8_1_146,48.90035569999999,2.6587791
54,FRA.8_1_147,48.8999834,2.659854
55,FRA.8_1_148,48.88013049999999,2.6650121
56,FRA.8_1_149,48.874402700000005,2.6553401451294145
57,FRA.8_1_15,48.6708144,2.2306739
58,FRA.8_1_16,48.69080263506401,2.2295759497979795
59,FRA.8_1_163,48.574536050000006,2.6803776999999993
60,FRA.8_1_167,49.0264651,2.422138
61,FRA.8_1_169,48.964847799999994,2.6250948999999997
62,FRA.8_1_17,48.705173633604225,2.253186771183751
63,FRA.8_1_170,48.953521,2.667714463874114
64,FRA.8_1_171,48.9882249,2.5480692
65,FRA.8_1_172,48.9159226,2.6909431
66,FRA.8_1_173,48.9167113,2.6922595
67,FRA.8_1_174,48.9165101,2.691294
68,FRA.8_1_175,48.9203807,2.6930788
69,FRA.8_1_18,48.77717614818205,2.6010050658282324
70,FRA.8_1_180,49.13177279999999,2.2611618999999994
71,FRA.8_1_181,49.13838069999999,2.264643599999999
72,FRA.8_1_182,48.550396,2.3079185
73,FRA.8_1_183,49.0466155,1.9960865000000003
74,FRA.8_1_184,48.971252699999994,2.0422521
75,FRA.8_1_185,49.055995499999995,1.9195092999999996
76,FRA.8_1_186,49.04987718833719,2.0595744581960163
77,FRA.8_1_19,48.77967459999999,2.6409434
78,FRA.8_1_190,48.9928433,1.8951176174963944
79,FRA.8_1_191,48.96938029999998,1.9133033
80,FRA.8_1_192,48.99014259999999,1.8868071
81,FRA.8_1_193,48.98380415,1.8556253472073223
82,FRA.8_1_197,48.96915299999999,1.9130394
83,FRA.8_1_2,48.67624450000048,2.229114082230627
84,FRA.8_1_20,48.593218151949614,2.431287344239798
85,FRA.8_1_204,48.9816814,1.8418966
86,FRA.8_1_205,48.99138099999999,1.8910228
87,FRA.8_1_21,48.5791624,2.3879325999999996
88,FRA.8_1_216,49.0321035,2.1177828
89,FRA.8_1_217,48.95186999999999,2.1969021
90,FRA.8_1_218,49.054488,2.0131176960950636
91,FRA.8_1_219,49.05869939999999,2.081023
92,FRA.8_1_22,48.55170425,2.320253231966467
93,FRA.8_1_220,49.0478044,2.0633313
94,FRA.8_1_221,48.9632676,2.0104633
95,FRA.8_1_222,48.96673239999999,2.012865358156932
96,FRA.8_1_223,48.9614563,2.0420820999999996
97,FRA.8_1_224,48.94384715003348,2.0468964235696054
98,FRA.8_1_23,48.55292289999999,2.3327744
99,FRA.8_1_230,48.57160759999999,2.4630211999999996
100,FRA.8_1_231,48.56617395474738,2.468985759130345
101,FRA.8_1_232,48.5918436,2.4363724
102,FRA.8_1_233,48.5961495,2.4349695
103,FRA.8_1_234,48.611204999999984,2.4579825758086247
104,FRA.8_1_235,48.59170039999999,2.4233258
105,FRA.8_1_239,48.601130299999994,2.5819900795338806
106,FRA.8_1_24,48.56039880000001,2.4710635999999995
107,FRA.8_1_240,48.61322479999999,2.579008
108,FRA.8_1_241,48.6019775,2.587452
109,FRA.8_1_242,48.618573600000005,2.5730303
110,FRA.8_1_243,48.6016722,2.5877971999999994
111,FRA.8_1_244,48.686802099999994,2.514931509928734
112,FRA.8_1_245,48.6586982,2.5495713
113,FRA.8_1_246,48.6920846,2.5129864259681836
114,FRA.8_1_247,48.71519289999999,2.51651
115,FRA.8_1_248,48.65845699999999,2.5492604
116,FRA.8_1_249,48.6548066,2.4242203263458375
117,FRA.8_1_25,48.55930669999999,2.473217
118,FRA.8_1_250,48.73781670000001,2.7943667
119,FRA.8_1_252,49.0329103,2.1599995999999995
120,FRA.8_1_253,48.7460379,2.2207566999999995
121,FRA.8_1_254,48.76814189999999,2.3766342999999996
122,FRA.8_1_255,48.7739213,2.3652681552852903
123,FRA.8_1_256,48.7669111,2.0093222
124,FRA.8_1_257,48.77428695038357,1.9519280155430765
125,FRA.8_1_258,48.7380937,2.1002398999999996
126,FRA.8_1_259,48.7917571,2.052468
127,FRA.8_1_260,48.722215270387245,2.2460409068866474
128,FRA.8_1_261,48.7738938251553,2.242167751923231
129,FRA.8_1_262,48.7160515,2.2688268
130,FRA.8_1_263,48.721037249999995,2.278031749999997
131,FRA.8_1_264,48.7795515,1.9467209999999964
132,FRA.8_1_267,48.76613059999999,2.3596513999999997
133,FRA.8_1_268,48.74706679999999,2.3683478014908252
134,FRA.8_1_269,48.7660306,2.3593472
135,FRA.8_1_27,48.5497013,2.3327575
136,FRA.8_1_270,48.77102070000001,2.3630357
137,FRA.8_1_271,48.771362999999994,2.3624425
138,FRA.8_1_274,48.65921,2.4007610000000037
139,FRA.8_1_275,48.6682576694407,2.3962308375450223
140,FRA.8_1_277,49.0828817,1.9763213
141,FRA.8_1_278,49.080109344147765,1.9328224032055592
142,FRA.8_1_28,48.54180889999999,2.4922821999999996
143,FRA.8_1_281,49.00462735,2.1724369274449393
144,FRA.8_1_282,49.00604049999999,2.1438919
145,FRA.8_1_283,49.0219956,2.0149935692791168
146,FRA.8_1_284,49.01426675,2.085407179864026
147,FRA.8_1_285,48.78278530000001,2.4304632
148,FRA.8_1_286,48.7497794,2.1654721999999995
149,FRA.8_1_287,48.754816700000006,2.1700832999999995
150,FRA.8_1_288,48.77953719999999,2.6454945999999997
151,FRA.8_1_289,48.7799632,2.6454894
152,FRA.8_1_29,48.595459,2.278169
153,FRA.8_1_290,48.605919699999994,2.4497294913295895
154,FRA.8_1_293,49.0584212,2.0124658
155,FRA.8_1_294,48.6241093,2.4652219
156,FRA.8_1_295,48.612326900194795,2.443621019333323
157,FRA.8_1_297,48.8232072,1.9281225
158,FRA.8_1_298,48.83298880000959,1.9305582342602583
159,FRA.8_1_299,48.8392583,2.0580917
160,FRA.8_1_3,48.67781699999999,2.2058305
161,FRA.8_1_30,48.62688015224629,2.305619729057656
162,FRA.8_1_300,48.8094809,2.0130121541492216
163,FRA.8_1_301,48.79523944999999,2.407381823909987
164,FRA.8_1_302,48.907489,2.6668231
165,FRA.8_1_303,48.93794495,2.8629540240519895
166,FRA.8_1_304,48.9567568674715,2.8636599049988996
167,FRA.8_1_305,48.7988832,1.8291757
168,FRA.8_1_306,48.804415,1.8288086880573249
169,FRA.8_1_307,48.9638639,2.8605667
170,FRA.8_1_31,48.52057475,2.355485469013467
171,FRA.8_1_310,48.6037973,2.2672226
172,FRA.8_1_311,48.6707821,2.2846698999999995
173,FRA.8_1_312,48.6789837,2.2269249
174,FRA.8_1_313,48.68005030021174,2.2331369025303514
175,FRA.8_1_314,48.6804739,2.2284721
176,FRA.8_1_315,48.6797174,2.2277058
177,FRA.8_1_316,48.71105109999999,2.2628775
178,FRA.8_1_317,48.7163951,2.2681617
179,FRA.8_1_318,48.6793505,2.2273153
180,FRA.8_1_319,48.680314499999994,2.243424399999999
181,FRA.8_1_32,48.54472779999999,2.3103082999999995
182,FRA.8_1_320,48.7111164,2.2641284999999995
183,FRA.8_1_321,48.7079009,2.2618915
184,FRA.8_1_322,48.676371185309726,2.1794965833669613
185,FRA.8_1_323,48.6737484,2.1709265804479205
186,FRA.8_1_324,48.7190765,2.0520989000000003
187,FRA.8_1_325,48.766306583817475,2.2302731473099575
188,FRA.8_1_33,48.550205299999995,2.3126486
189,FRA.8_1_330,48.6078197,2.5895757999999995
190,FRA.8_1_331,48.561814299999995,2.6513504999999995
191,FRA.8_1_332,48.60850779999999,2.5848808985347507
192,FRA.8_1_333,48.61413014999999,2.574209159956142
193,FRA.8_1_334,48.5980632,2.6051121
194,FRA.8_1_335,48.5652838,2.6647798999999996
195,FRA.8_1_336,48.544838899999995,2.3101111
196,FRA.8_1_34,48.5506681,2.312885399999999
197,FRA.8_1_343,48.93495313195783,2.266288242875147
198,FRA.8_1_344,48.94487819999999,2.3017561
199,FRA.8_1_345,49.0125986,2.4123878999999997
200,FRA.8_1_355,49.1418139,2.2619833
201,FRA.8_1_36,48.5479798,2.4871323999999997
202,FRA.8_1_360,48.68647045,2.234576494004526
203,FRA.8_1_361,48.69218359999999,2.2404304
204,FRA.8_1_362,48.7112728,2.2622917
205,FRA.8_1_37,48.5619461,2.5286071999999993
206,FRA.8_1_370,48.75481517556671,1.9431007547833583
207,FRA.8_1_371,48.7584885,1.936485999999996
208,FRA.8_1_372,48.78153499999999,1.820696388859423
209,FRA.8_1_373,48.80638389999999,1.9430999399081768
210,FRA.8_1_38,48.56018949999999,2.4709543999999997
211,FRA.8_1_382,48.9717692,1.9099684
212,FRA.8_1_383,48.9863893,1.8718622
213,FRA.8_1_384,49.04988184999999,2.1478533896180982
214,FRA.8_1_385,49.006876799999986,2.4074712000000003
215,FRA.8_1_387,48.88038946088526,2.602287922920874
216,FRA.8_1_388,49.063904,2.1735258
217,FRA.8_1_389,48.89163479999999,2.6316685000000004
218,FRA.8_1_39,48.5519741,2.2856121999999996
219,FRA.8_1_390,49.0075134,2.1381854
220,FRA.8_1_391,48.988033300000005,2.5446861
221,FRA.8_1_392,49.013485,2.4110177
222,FRA.8_1_393,48.893059699999995,2.6371143999999997
223,FRA.8_1_394,49.00769089999999,2.1383042999999997
224,FRA.8_1_395,48.8821022,2.598587199999999
225,FRA.8_1_396,49.04809259999999,2.0682525999999997
226,FRA.8_1_397,49.04754160000001,2.0632625
227,FRA.8_1_398,48.9035694,2.6523996
228,FRA.8_1_399,48.94596255324514,2.3433065168117952
229,FRA.8_1_4,48.745724900000006,2.2195965999999996
230,FRA.8_1_40,48.5565247,2.2794495
231,FRA.8_1_400,48.9555056,2.8574667
232,FRA.8_1_401,49.0136617,2.4108373999999997
233,FRA.8_1_402,48.9391425,2.8513548
234,FRA.8_1_403,48.9065615,2.6678649999999995
235,FRA.8_1_408,48.7507718,2.1631563
236,FRA.8_1_409,48.7324861,2.1466139
237,FRA.8_1_410,48.747863,2.1742599
238,FRA.8_1_413,48.714318,2.095257
239,FRA.8_1_414,48.7128949,2.0977345
240,FRA.8_1_415,48.71183220019897,2.1023392999999997
241,FRA.8_1_416,48.800254,2.0001515999999997
242,FRA.8_1_417,48.689859,2.1098391
243,FRA.8_1_418,48.67659790000002,2.1639451371877128
244,FRA.8_1_42,48.8072867,1.8264964
245,FRA.8_1_424,48.53603290000001,2.2874197
246,FRA.8_1_425,48.6193633,2.236787
247,FRA.8_1_426,48.591161699999994,2.2780629999999995
248,FRA.8_1_427,48.5865563,2.2786099
249,FRA.8_1_428,48.5775172,2.2789345
250,FRA.8_1_43,48.63890039999998,2.1544067999999994
251,FRA.8_1_433,48.823576499999994,1.9248255
252,FRA.8_1_435,48.9335139,2.6815306
253,FRA.8_1_436,48.7201858502244,2.27027695
254,FRA.8_1_437,48.70802059999999,2.2616623
255,FRA.8_1_438,48.6981251,2.2508741999999997
256,FRA.8_1_439,48.5755574,2.3803637
257,FRA.8_1_44,48.626302200000005,2.1410293
258,FRA.8_1_443,48.6303942,2.4730847500000035
259,FRA.8_1_446,48.6343261,2.4876333622441513
260,FRA.8_1_449,48.776281006597614,2.4369389039569556
261,FRA.8_1_450,48.77931596103134,2.4287250507288167
262,FRA.8_1_451,48.95785359999999,2.5058921
263,FRA.8_1_452,49.0400473,2.4383056
264,FRA.8_1_453,49.14573565,2.265985771686984
265,FRA.8_1_454,48.6800842,2.2280963
266,FRA.8_1_455,49.05802889999999,2.0130442
267,FRA.8_1_456,49.047261199999994,2.0632483
268,FRA.8_1_457,48.975762499999995,2.1695151529632186
269,FRA.8_1_465,48.77995949999999,2.6456484999999996
270,FRA.8_1_466,48.778859700000005,2.6452903999999995
271,FRA.8_1_467,48.7799604,2.6457652
272,FRA.8_1_468,48.77966889999999,2.645493
273,FRA.8_1_469,48.7804185,2.4389415287395533
274,FRA.8_1_47,48.59546079999999,2.2777315
275,FRA.8_1_470,48.7825138,2.4303858999999997
276,FRA.8_1_473,49.03079900000001,2.1295716
277,FRA.8_1_474,48.95037595726938,2.2009741535845286
278,FRA.8_1_477,49.03739469999999,2.1239236999999993
279,FRA.8_1_48,48.672594549999985,2.2388398952540447
280,FRA.8_1_483,48.9247088,2.3478007
281,FRA.8_1_484,48.9321366,2.3458292999999997
282,FRA.8_1_485,48.9394917,2.3440249999999994
283,FRA.8_1_486,48.75341608198166,2.446095543584052
284,FRA.8_1_49,48.55062439999999,2.3272180999999996
285,FRA.8_1_491,48.6589762,2.1861967
286,FRA.8_1_5,48.72964935512336,2.144259513705517
287,FRA.8_1_50,48.5841972,2.2711892745485844
288,FRA.8_1_504,48.5982861,2.6053444
289,FRA.8_1_505,48.60267255000001,2.653076478622912
290,FRA.8_1_506,48.567856323047366,2.480027589111818
291,FRA.8_1_507,48.56991691264514,2.5334644417652994
292,FRA.8_1_508,48.58267154999999,2.2864306175130213
293,FRA.8_1_509,48.581794499999994,2.2787381999999994
294,FRA.8_1_510,48.581876,2.2783421999999995
295,FRA.8_1_511,48.58651389999999,2.2782221999999996
296,FRA.8_1_512,48.67800065002041,2.172962009351853
297,FRA.8_1_513,48.667758899999995,2.2817907761943355
298,FRA.8_1_514,48.669742199999995,2.2778565399900823
299,FRA.8_1_515,48.6178949,2.2392294999999995
300,FRA.8_1_516,48.6163617,2.2424776
301,FRA.8_1_517,48.59747265,2.2049103647311377
302,FRA.8_1_518,48.6180278,2.2394721999999994
303,FRA.8_1_52,48.7826826,2.4247826999999997
304,FRA.8_1_520,48.62057563901259,2.4665184414863544
305,FRA.8_1_521,48.65212633925084,2.5514249060711784
306,FRA.8_1_522,48.63892499999999,2.5582806
307,FRA.8_1_523,48.6337325,2.56156797619175
308,FRA.8_1_524,48.63889439999999,2.5586639
309,FRA.8_1_525,48.63827042501688,2.6593684739822656
310,FRA.8_1_526,48.62340050331536,2.5678461255544356
311,FRA.8_1_527,48.772462049999994,2.4081810601992046
312,FRA.8_1_528,48.759522200000006,2.4166999999999996
313,FRA.8_1_529,48.7594278,2.4167028
314,FRA.8_1_53,48.7793645,2.6409486999999996
315,FRA.8_1_530,48.75907804999999,2.453949809615336
316,FRA.8_1_531,48.7578368,2.46820231769746
317,FRA.8_1_532,48.76453547982055,2.412451804702639
318,FRA.8_1_536,48.85270654999999,2.7983614763657765
319,FRA.8_1_537,48.8361861,2.7314111
320,FRA.8_1_538,48.8359194,2.7290805999999996
321,FRA.8_1_539,48.82605929999999,2.6672166999999996
322,FRA.8_1_54,48.59816935752872,2.2559441541193417
323,FRA.8_1_540,48.780102799999995,2.6453527999999995
324,FRA.8_1_541,48.7488013,2.7667071095164064
325,FRA.8_1_542,48.720132799999995,2.6261552
326,FRA.8_1_543,48.7205452,2.6259363
327,FRA.8_1_544,48.779894899999995,2.4109540964743585
328,FRA.8_1_545,48.8000822080069,2.438521965335905
329,FRA.8_1_548,48.7999693,2.4507431294902577
330,FRA.8_1_549,48.81109762625188,2.477287213717935
331,FRA.8_1_55,48.7857734760832,2.416413740955116
332,FRA.8_1_550,48.7976077,2.5452456693438914
333,FRA.8_1_551,48.8324085575754,2.5805879044881825
334,FRA.8_1_552,48.94770830000001,2.8595832999999997
335,FRA.8_1_553,48.91493405000001,2.543196958220615
336,FRA.8_1_554,48.9085052,2.489233995849864
337,FRA.8_1_555,48.89676660896456,2.443160703177725
338,FRA.8_1_556,48.89452949999999,2.437739956776843
339,FRA.8_1_557,48.85632375165829,2.4959979410446773
340,FRA.8_1_558,48.87080795,2.4335197238537747
341,FRA.8_1_559,48.86553689999999,2.5187133675542355
342,FRA.8_1_560,48.854890700601466,2.5189144035528375
343,FRA.8_1_561,48.94400525,2.513758962253224
344,FRA.8_1_562,48.96700385,2.498086261154135
345,FRA.8_1_563,48.934315272338544,2.4391127739667
346,FRA.8_1_564,48.91615285,2.4171761215684557
347,FRA.8_1_565,49.007038052257954,2.5393348462705987
348,FRA.8_1_566,48.984019399999994,2.5317583
349,FRA.8_1_567,49.0102124,2.577116780526239
350,FRA.8_1_568,48.909450699999994,2.3648604999999994
351,FRA.8_1_569,48.92428515721751,2.3377208874465176
352,FRA.8_1_570,48.92364169999999,2.3477277999999995
353,FRA.8_1_571,48.9218957,2.339984122219593
354,FRA.8_1_572,48.925484027400785,2.3696182722335113
355,FRA.8_1_573,48.92976344999999,2.3902827072107113
356,FRA.8_1_576,48.8757478,2.357593
357,FRA.8_1_577,48.86377922024659,2.346348430183891
358,FRA.8_1_578,48.87238814999999,2.374057846695882
359,FRA.8_1_579,48.86240332009961,2.357574850341211
360,FRA.8_1_58,48.749457118940306,2.420814079025362
361,FRA.8_1_580,48.88991100071342,2.377286745931742
362,FRA.8_1_581,48.8755046,2.3762355180399277
363,FRA.8_1_582,48.87512280940295,2.3809368911168463
364,FRA.8_1_583,48.86316472887832,2.3832287975766104
365,FRA.8_1_584,48.9051694,2.4720249999999995
366,FRA.8_1_585,48.9132193,2.4162718
367,FRA.8_1_586,48.906616699999994,2.4318139
368,FRA.8_1_587,48.9109389774533,2.3277277113005557
369,FRA.8_1_588,48.888692500000005,2.3328541
370,FRA.8_1_589,48.880697549999994,2.3456448871405846
371,FRA.8_1_59,48.75676519999999,2.4610596698880096
372,FRA.8_1_590,48.87225160000624,2.3422067622981273
373,FRA.8_1_591,48.849482489067434,2.4222978938127144
374,FRA.8_1_592,48.82163622989905,2.406347603449875
375,FRA.8_1_593,48.8533108,2.3951381926119475
376,FRA.8_1_594,48.86633021267745,2.397678879335027
377,FRA.8_1_595,48.83083965212716,2.394190945985334
378,FRA.8_1_596,48.8138337,2.3954573999999997
379,FRA.8_1_597,48.83303879999999,2.3362590999999995
380,FRA.8_1_598,48.841166267973826,2.3470199333333337
381,FRA.8_1_599,48.83486105,2.354333271105453
382,FRA.8_1_6,48.731092100000005,2.1396946999999997
383,FRA.8_1_60,48.753615550000006,2.4055443341709415
384,FRA.8_1_600,48.849783672896024,2.353746917302303
385,FRA.8_1_601,48.825881780441165,2.3546570567136516
386,FRA.8_1_602,48.799268700000006,2.3585088548984943
387,FRA.8_1_603,48.80654075,2.3277922780204756
388,FRA.8_1_604,48.79462309186199,2.350196474105536
389,FRA.8_1_605,48.838442771612485,2.3922945263422166
390,FRA.8_1_606,48.848937500000005,2.3707303999999993
391,FRA.8_1_607,48.852429425356824,2.3803604886417675
392,FRA.8_1_608,48.83530165010131,2.3954991999999997
393,FRA.8_1_609,48.78792580064082,2.4093210877320947
394,FRA.8_1_61,48.762432,2.3821583
395,FRA.8_1_610,48.79192793944945,2.4186350320796106
396,FRA.8_1_613,48.88152855213126,2.3153662675632107
397,FRA.8_1_614,48.88307835371096,2.3226923936148807
398,FRA.8_1_615,48.87247849999999,2.3231056404497052
399,FRA.8_1_616,48.913769349999995,2.3038839688086687
400,FRA.8_1_617,48.89177840000001,2.327661662888473
401,FRA.8_1_618,48.88842425,2.3556921645981013
402,FRA.8_1_619,48.865393354242805,2.331220543694361
403,FRA.8_1_62,48.720306099999995,2.6220567
404,FRA.8_1_620,48.82504022056718,2.3381970210172547
405,FRA.8_1_621,48.7663041,2.3596968
406,FRA.8_1_622,48.805212350000005,2.406498095201165
407,FRA.8_1_623,48.83326025760422,2.2679366790738986
408,FRA.8_1_624,48.82763313106594,2.2512913053394046
409,FRA.8_1_625,48.824913267020605,2.2675914559170995
410,FRA.8_1_626,48.82822086038038,2.26181445
411,FRA.8_1_627,48.84803087580681,2.23704992407077
412,FRA.8_1_628,48.8218917,2.2699055999999995
413,FRA.8_1_629,48.81351807683525,2.2803784105481393
414,FRA.8_1_63,48.7153514,2.5167376
415,FRA.8_1_630,48.8350278,2.2779
416,FRA.8_1_631,48.845829551603714,2.2858836533166955
417,FRA.8_1_632,48.83566099999999,2.3104260712240254
418,FRA.8_1_633,48.8510788,2.3297621414367846
419,FRA.8_1_634,48.87624457255063,2.2365836279046016
420,FRA.8_1_635,48.85911305335914,2.2989983499999997
421,FRA.8_1_636,48.84887565133324,2.3007463857309096
422,FRA.8_1_637,48.83742005174252,2.2953888947988723
423,FRA.8_1_638,48.8036558,2.298772149398329
424,FRA.8_1_639,48.79943655,2.2593413840650296
425,FRA.8_1_64,48.72253709999999,2.6260649999999996
426,FRA.8_1_640,48.8036396,2.2575002
427,FRA.8_1_641,48.87604945415967,2.291139171816443
428,FRA.8_1_642,48.897294200000005,2.283579152124869
429,FRA.8_1_643,48.87226774999999,2.3067512293954526
430,FRA.8_1_644,48.8642407,2.3044002
431,FRA.8_1_645,48.872439799999995,2.275121139297597
432,FRA.8_1_646,48.873896900000005,2.310308682115195
433,FRA.8_1_647,48.87779689999999,2.2344219
434,FRA.8_1_648,48.856271250000006,2.272357978325693
435,FRA.8_1_649,48.8712528,2.2434167
436,FRA.8_1_65,48.7377471,2.61163046104925
437,FRA.8_1_650,48.74322383958661,2.3638317002915725
438,FRA.8_1_651,48.89639563344887,2.2379975666666665
439,FRA.8_1_652,48.888264250172256,2.2509677
440,FRA.8_1_653,48.897556249999994,2.348013773773774
441,FRA.8_1_654,48.89331117579858,2.2811901057416955
442,FRA.8_1_655,48.7922647,2.1480523182657905
443,FRA.8_1_656,48.713268750120136,2.1449150315969887
444,FRA.8_1_657,48.756988699999994,2.0820042355889945
445,FRA.8_1_658,48.936648623956984,2.2600189723702635
446,FRA.8_1_659,48.8907814,2.168259153927107
447,FRA.8_1_660,48.88700110148665,2.202919022036044
448,FRA.8_1_665,48.8510256,2.198872865009319
449,FRA.8_1_668,48.6510104334587,2.2268356318969893
450,FRA.8_1_669,48.6780958,2.2328092
451,FRA.8_1_670,48.78896679433629,2.059849671711186
452,FRA.8_1_671,48.73275459999999,2.2327032999999994
453,FRA.8_1_672,48.73506298951611,2.2298742624641563
454,FRA.8_1_673,48.720024499999994,2.0737889
455,FRA.8_1_674,48.5631759,2.6598956
456,FRA.8_1_677,48.9057274,2.4737705
457,FRA.8_1_680,49.06727455009566,2.1797667745477702
458,FRA.8_1_681,49.07676320000001,2.1823443
459,FRA.8_1_682,48.939575000000005,2.2593361
460,FRA.8_1_683,48.93557194999999,2.2402800324657512
461,FRA.8_1_684,48.940832150000006,2.0510681932163113
462,FRA.8_1_685,48.94149169999999,2.11655
463,FRA.8_1_688,48.684076700000006,1.8759253
464,FRA.8_1_689,48.73724015000001,1.9199760968458055
465,FRA.8_1_690,48.8227301,1.9308797
466,FRA.8_1_691,48.7782675,1.9555667953629028
467,FRA.8_1_696,48.90473473979143,2.26100498770585
468,FRA.8_1_697,48.90542777503738,2.2602209345627338
469,FRA.8_1_698,48.90642316814328,2.2559077968644345
470,FRA.8_1_699,48.9359887,2.2478937999999995
471,FRA.8_1_7,48.8767249,2.4994456000000005
472,FRA.8_1_70,48.8488154,2.8344876
473,FRA.8_1_700,48.932007299999995,2.2440983147306017
474,FRA.8_1_701,48.9597472,2.213525
475,FRA.8_1_702,48.84985594999999,2.1101036638058384
476,FRA.8_1_703,48.900345900000005,2.105630045534426
477,FRA.8_1_704,48.9084918681453,2.210746676342606
478,FRA.8_1_705,48.91426859999999,2.3431562626582276
479,FRA.8_1_706,48.9250889,2.3381805999999994
480,FRA.8_1_707,48.9251611,2.3380582999999997
481,FRA.8_1_708,48.92511939999999,2.3381332999999995
482,FRA.8_1_709,48.9249778,2.3383666999999995
483,FRA.8_1_710,48.9050022,2.2841738900972075
484,FRA.8_1_711,48.93942602668466,2.254844063988459
485,FRA.8_1_714,48.75188036580274,2.0633784375343542
486,FRA.8_1_715,48.82905845047968,2.2269707999999997
487,FRA.8_1_716,48.80006965,2.1652867957562565
488,FRA.8_1_717,48.8971167,2.23345
489,FRA.8_1_718,48.89703889999999,2.2335167
490,FRA.8_1_719,48.9828473,2.3031726265780996
491,FRA.8_1_72,48.88179210966306,2.7855302886278888
492,FRA.8_1_720,48.9123501,2.3724505999999996
493,FRA.8_1_721,48.91268703736144,2.3673726978383525
494,FRA.8_1_722,48.74077779999999,2.7841666999999997
495,FRA.8_1_723,48.8236649,2.3845791806337218
496,FRA.8_1_73,48.9062959,2.6571229999999995
497,FRA.8_1_74,48.8997622,2.6625516
498,FRA.8_1_744,48.86501994999999,2.285502826374051
499,FRA.8_1_75,48.9336333,2.6817333
500,FRA.8_1_76,48.923093,2.6929316
501,FRA.8_1_77,48.89355,2.6360653999999997
502,FRA.8_1_78,48.88926839999999,2.6280148999999997
503,FRA.8_1_79,48.9180944,2.5501666999999997
504,FRA.8_1_8,48.885956,2.4773913498494657
505,FRA.8_1_80,48.976167049999994,2.5757990518639065
506,FRA.8_1_81,48.9599339,2.621799
507,FRA.8_1_83,48.96330909999999,2.6264708
508,FRA.8_1_84,48.9770089,2.5675273
509,FRA.8_1_848,49.04696959999999,2.4596762
510,FRA.8_1_849,49.10487930000001,2.3820329
511,FRA.8_1_85,48.9872969,2.5531020999999994
512,FRA.8_1_856,48.82072565,2.388004875465558
513,FRA.8_1_86,49.0304544,2.42899
514,FRA.8_1_861,48.7939186,2.2650404
515,FRA.8_1_862,48.78762659459859,2.265433148116852
516,FRA.8_1_863,48.7939231,2.2522488999999997
517,FRA.8_1_864,48.7940825,2.2525406
518,FRA.8_1_865,48.793927499999995,2.2523123
519,FRA.8_1_866,48.7941068,2.2522234
520,FRA.8_1_87,49.0092874,2.4420267067957684
521,FRA.8_1_871,48.826094399999995,2.2327499999999993
522,FRA.8_1_872,48.7286024,2.1799745
523,FRA.8_1_873,48.7205637768497,2.2024747505180806
524,FRA.8_1_874,48.8722125,2.5045729
525,FRA.8_1_875,48.8715684,2.5056507
526,FRA.8_1_876,49.0375008,2.4387803
527,FRA.8_1_879,48.9271104,2.400380596464367
528,FRA.8_1_88,48.959228,2.642292799999999
529,FRA.8_1_880,48.9130457,2.35293423964194
530,FRA.8_1_89,48.988202599999994,2.5446425999999995
531,FRA.8_1_891,48.709007699999994,2.1046867
532,FRA.8_1_892,48.7503155,2.1666744999999996
533,FRA.8_1_894,49.1090443,2.3798207999999996
534,FRA.8_1_895,49.09797985932352,2.360015021211677
535,FRA.8_1_9,48.68844434999999,2.726248038731748
536,FRA.8_1_90,48.9587304,2.6592292
537,FRA.8_1_91,49.0490987,2.5434659
538,FRA.8_1_919,49.1178341,2.3599689
539,FRA.8_1_92,48.99876385000001,2.8477647835301227
540,FRA.8_1_920,49.1346419,2.2923951
541,FRA.8_1_937,49.1314249,2.14846654407394
542,FRA.8_1_941,48.87094924116329,2.5277676758617975
543,FRA.8_1_946,48.9390579,2.8512761
544,FRA.8_1_947,48.84195545141777,2.661382681814886
545,FRA.8_1_95,49.09110294999999,2.5289615195483313
546,FRA.8_1_96,49.03393364999999,2.4330773643476973
547,FRA.8_1_97,49.0458997,2.4302757000000006
548,FRA.8_1_98,49.0455393,2.4296375999999995
